Time,Equalized Signal
0.0,0.04785422628961387
0.002,0.05099371786896164
0.004,0.05007632900326954
0.006,0.04716248793458899
0.008,0.04227541885209509
0.01,0.034058420984876873
0.012,0.022944500396753068
0.014,0.006719341665091398
0.016,-0.013861402052679708
0.018,-0.03683003402932883
0.02,-0.05541004910828253
0.022,-0.06705545416895194
0.024,-0.06576646876642725
0.026,-0.05316531143173166
0.028,-0.03080519227364493
0.03,-0.005491554572117241
0.032,0.015244179355124643
0.034,0.02499942740324273
0.036,0.022012044810632837
0.038,0.005760796805515435
0.04,-0.018549715307587637
0.042,-0.044396693804248794
0.044,-0.06864531241908713
0.046,-0.08784686638945391
0.048,-0.10262017413118166
0.05,-0.11499256699663653
0.052,-0.12904731295515148
0.054,-0.1435237009968459
0.056,-0.15806971856920232
0.058,-0.1665555456960437
0.06,-0.16443592029087323
0.062,-0.146665570239801
0.064,-0.1134302966328691
0.066,-0.06696856125631578
0.068,-0.016096732867055333
0.07,0.029494593943519932
0.072,0.057642633891318684
0.074,0.061063523231545125
0.076,0.037929995359577834
0.078,-0.008739039591403715
0.08,-0.06988016057237902
0.082,-0.1360238160135952
0.084,-0.1952147332113376
0.086,-0.23771193087983428
0.088,-0.2581543187343378
0.09,-0.2531369612336581
0.092,-0.22533861920836745
0.094,-0.17837785785253063
0.096,-0.11852178485778948
0.098,-0.055233227310265115
0.1,0.0035374001668175828
0.102,0.04937806966457822
0.104,0.07671358019067004
0.106,0.08116031427983494
0.108,0.06063090339654811
0.11,0.019901617917332193
0.112,-0.0355012279973604
0.114,-0.09400194492343646
0.116,-0.14502182016978646
0.118,-0.17405704996612775
0.12,-0.1706153091752321
0.122,-0.12401546478805522
0.124,-0.030264793882697663
0.126,0.1107674954145384
0.128,0.29081702070349524
0.13,0.4956233370677092
0.132,0.7028816697425686
0.134,0.8885377197659676
0.136,1.0220170193627443
0.138,1.075472201587099
0.14,1.0263563723043034
0.142,0.8639565055647442
0.144,0.5991729517966986
0.146,0.2630382547771628
0.148,-0.09773171777187593
0.15,-0.42571251789244136
0.152,-0.6666847263697553
0.154,-0.7861421082608234
0.156,-0.7749898508613282
0.158,-0.6517395539765319
0.16,-0.45975778672935697
0.162,-0.24853647991267275
0.164,-0.0691026303283205
0.166,0.042871467559156454
0.168,0.07196800974033057
0.17,0.02161529223097099
0.172,-0.08667572467124879
0.174,-0.22231200092896264
0.176,-0.3529961145388406
0.178,-0.4505084093725531
0.18,-0.49636882050656717
0.182,-0.48664479831627033
0.184,-0.4250094878522845
0.186,-0.32781377593556615
0.188,-0.21320067111199006
0.19,-0.10228062233830078
0.192,-0.012086003894382741
0.194,0.047307176022481995
0.196,0.0724169879205112
0.198,0.06889187762336772
0.2,0.04519581510033064
0.202,0.01078172752111363
0.204,-0.02386178702588197
0.206,-0.05287981951667795
0.208,-0.07304942019040508
0.21,-0.08587350785287837
0.212,-0.09576799908239868
0.214,-0.1066358695037833
0.216,-0.11835593307371461
0.218,-0.13178985872924762
0.22,-0.14174266828181822
0.222,-0.14199301543621412
0.224,-0.12806258289918404
0.226,-0.09706571142494966
0.228,-0.053885235979061114
0.23,-0.004100730005848809
0.232,0.041438466091448405
0.234,0.07401169271201433
0.236,0.08458982565746664
0.238,0.07167366562035127
0.24,0.04073261143493464
0.242,7.987594464451736e-05
0.244,-0.039410231200324254
0.246,-0.06993111302124295
0.248,-0.08779359896981198
0.25,-0.09122753217046661
0.252,-0.08576878262151552
0.254,-0.07558870931743014
0.256,-0.06652458360433607
0.258,-0.058602422663660655
0.26,-0.05261019538324203
0.262,-0.04378380701407926
0.264,-0.030230721941123816
0.266,-0.011401087781009803
0.268,0.013052983959706239
0.27,0.036406033450759316
0.272,0.05594277227947449
0.274,0.06453598600844923
0.276,0.06111138251588784
0.278,0.04542092590810275
0.28,0.020872939825301005
0.282,-0.0054754972984814975
0.284,-0.03135060822755957
0.286,-0.049572121848090955
0.288,-0.05984072041812062
0.29,-0.060814020886341164
0.292,-0.05361698446691381
0.294,-0.04010126213098641
0.296,-0.023213347562163228
0.298,-0.0016945321949386578
0.3,0.01985709257124986
0.302,0.04175304588409469
0.304,0.06103271447769662
0.306,0.07554292117087183
0.308,0.08330693638521276
0.31,0.08305742121679785
0.312,0.07470425137997612
0.314,0.06052333873052966
0.316,0.04196487138460955
0.318,0.022146860601384762
0.32,0.004212641539152353
0.322,-0.009225127693735204
0.324,-0.016399878059176715
0.326,-0.017437994494865234
0.328,-0.009225859300015266
0.33,0.005741057990271859
0.332,0.02742760540966359
0.334,0.05421014768582466
0.336,0.0838094150042316
0.338,0.11334872119957018
0.34,0.13665416766884794
0.342,0.1528151471917307
0.344,0.15986306191692878
0.346,0.1563576847384724
0.348,0.14464634463685358
0.35,0.12765552799031182
0.352,0.11024818797186672
0.354,0.09532893378136627
0.356,0.08798468440848557
0.358,0.08791146760663125
0.36,0.09528736493479702
0.362,0.11005805847706152
0.364,0.12947161386250775
0.366,0.15063567196942365
0.368,0.1728988982832151
0.37,0.1949701033136459
0.372,0.21582761916992127
0.374,0.23355185735515166
0.376,0.24823217918154528
0.378,0.25902510511739635
0.38,0.265351381399172
0.382,0.26612535261741893
0.384,0.26289200332482077
0.386,0.25578112960736127
0.388,0.24829256738090316
0.39,0.23998925390492426
0.392,0.23223945988309072
0.394,0.2260919670294161
0.396,0.22130500221240046
0.398,0.21845706441058016
0.4,0.21901593187053042
0.402,0.2242673442877394
0.404,0.23308814995324334
0.406,0.2456585907211959
0.408,0.2612695003927498
0.41,0.27438647754335455
0.412,0.28205143664394294
0.414,0.28154351731547855
0.416,0.2711126916592876
0.418,0.2505304116400691
0.42,0.2212460376039027
0.422,0.18807176061223313
0.424,0.15448324205254943
0.426,0.1237728183677647
0.428,0.09832749128578902
0.43,0.07824761830544176
0.432,0.0643822464744051
0.434,0.05668814468566322
0.436,0.05371837291126594
0.438,0.0530265422283367
0.44,0.055352872562657675
0.442,0.057577577417672665
0.444,0.059569329509823916
0.446,0.060077542898464065
0.448,0.055802661376677144
0.45,0.04866839207834572
0.452,0.036183707767434306
0.454,0.019746236518079392
0.456,0.0007102008033006671
0.458,-0.018840439025781586
0.46,-0.0355595853979751
0.462,-0.05038974117490544
0.464,-0.05998982329689366
0.466,-0.06591827458002913
0.468,-0.06652272950019934
0.47,-0.06364653589585363
0.472,-0.05729598666926398
0.474,-0.04942896135972937
0.476,-0.04192081441687392
0.478,-0.03366499674751918
0.48,-0.026689086471847073
0.482,-0.02314279239041589
0.484,-0.022100809869045907
0.486,-0.02523597818671751
0.488,-0.03049659996914339
0.49,-0.038976245161131996
0.492,-0.04907075132881867
0.494,-0.05791570425835485
0.496,-0.06394667039653078
0.498,-0.06835208521748953
0.5,-0.06921458443750968
0.502,-0.0682786285970925
0.504,-0.06842918356221464
0.506,-0.0681222480651124
0.508,-0.06805163557134958
0.51,-0.06722549417834926
0.512,-0.06246554019962437
0.514,-0.05413596790957293
0.516,-0.041771546454160695
0.518,-0.027304061249724412
0.52,-0.013717462698374266
0.522,-0.005204257415785641
0.524,-0.006107439842958016
0.526,-0.016041107081500864
0.528,-0.03354214068626065
0.53,-0.05539846812965426
0.532,-0.07555260068362943
0.534,-0.08926346356808469
0.536,-0.09511327345090285
0.538,-0.09352346244919645
0.54,-0.08464726501339168
0.542,-0.07275091733043267
0.544,-0.05936238402346944
0.546,-0.04754135454576681
0.548,-0.03650650174861669
0.55,-0.028696711460759236
0.552,-0.023123272106607314
0.554,-0.019787528908595843
0.556,-0.019923268137793645
0.558,-0.02294898916781524
0.56,-0.02918148041100478
0.562,-0.03747711409997819
0.564,-0.04801334453259243
0.566,-0.05933889459584327
0.568,-0.06869625562178822
0.57,-0.07648286592276388
0.572,-0.08064554617798457
0.574,-0.08085912203146123
0.576,-0.07643287277342897
0.578,-0.07003830593031093
0.58,-0.06041802670920683
0.582,-0.05025234258935831
0.584,-0.039229585244363076
0.586,-0.02726367632789559
0.588,-0.01767958920352438
0.59,-0.011177072193860976
0.592,-0.010494209778998747
0.594,-0.015827648336909757
0.596,-0.028237104993703417
0.598,-0.04630376465579086
0.6,-0.06626038004314344
0.602,-0.08462789809761809
0.604,-0.09617573783236705
0.606,-0.09987808934217192
0.608,-0.09549651913337853
0.61,-0.08456572598126795
0.612,-0.07078026143990745
0.614,-0.05802202314981614
0.616,-0.04841513630960324
0.618,-0.0427787444639419
0.62,-0.03967212830815536
0.622,-0.0369751291226073
0.624,-0.034714386551435904
0.626,-0.03274025084893538
0.628,-0.030937185603375487
0.63,-0.03185777396525275
0.632,-0.03792794195085681
0.634,-0.049577262115584754
0.636,-0.06569190892920405
0.638,-0.08165877938093088
0.64,-0.09503428373915299
0.642,-0.10259766657665093
0.644,-0.10040265393820123
0.646,-0.09043587258926723
0.648,-0.07363448169397822
0.65,-0.05528991357761838
0.652,-0.03706405568553235
0.654,-0.024998186063269423
0.656,-0.018826453074239385
0.658,-0.019792081744247132
0.66,-0.026917862069824865
0.662,-0.037545113128884686
0.664,-0.04888546074734844
0.666,-0.06039051399061676
0.668,-0.07087385996016216
0.67,-0.07746111478198119
0.672,-0.08151075167942129
0.674,-0.08260999854314133
0.676,-0.07967978975880836
0.678,-0.07410545510484885
0.68,-0.06775867321758171
0.682,-0.06282071582867883
0.684,-0.05841716002457003
0.686,-0.05720719276982092
0.688,-0.057115299125148476
0.69,-0.056390963164440054
0.692,-0.05502281515649038
0.694,-0.049366402278399085
0.696,-0.04272501556508444
0.698,-0.03456517642005425
0.7,-0.030212666125305793
0.702,-0.031043456848313385
0.704,-0.03945695251645698
0.706,-0.05502172366350698
0.708,-0.07518272138381595
0.71,-0.09371971280982837
0.712,-0.10687397685335334
0.714,-0.10877802617167773
0.716,-0.09870961458781716
0.718,-0.07771359930975189
0.72,-0.0503776545576108
0.722,-0.020834958537238848
0.724,0.003651812868483519
0.726,0.01806082053976866
0.728,0.02150736107315812
0.73,0.014446083343877328
0.732,-0.0007762889739708806
0.734,-0.01977046057658789
0.736,-0.03802357420068089
0.738,-0.052609024290595
0.74,-0.06155818228420775
0.742,-0.06192787939103754
0.744,-0.05569881518368825
0.746,-0.04362172873252591
0.748,-0.02807626575325897
0.75,-0.010896098775962329
0.752,0.003910880627213434
0.754,0.015587854719341297
0.756,0.021113681086504528
0.758,0.02358004755975645
0.76,0.02422934214418373
0.762,0.025040807366338028
0.764,0.030915526874576323
0.766,0.041721249350161
0.768,0.05560676216920086
0.77,0.06794200182011055
0.772,0.07504659754760834
0.774,0.07053890231900564
0.776,0.052857186476790156
0.778,0.02533972518242711
0.78,-0.00864064179604519
0.782,-0.04166417585884708
0.784,-0.06413625778065978
0.786,-0.07342735371080002
0.788,-0.06649910179653018
0.79,-0.04641342941960737
0.792,-0.02149016531707995
0.794,0.002607253642540056
0.796,0.01816313249549719
0.798,0.022268537768042777
0.8,0.013593709051105872
0.802,-0.004123644854549998
0.804,-0.026582146547816213
0.806,-0.04872960421756384
0.808,-0.06912683613871265
0.81,-0.08632240288182161
0.812,-0.10216363815629727
0.814,-0.11742648071913728
0.816,-0.1324618115574496
0.818,-0.146541790936014
0.82,-0.15529130450214354
0.822,-0.1531223470847541
0.824,-0.1371405488409227
0.826,-0.10576313849915374
0.828,-0.06237752568886407
0.83,-0.014709724382538997
0.832,0.02794350622629182
0.834,0.05405179493520883
0.836,0.05801466735110457
0.838,0.037487062306618475
0.84,-0.0054528278077815295
0.842,-0.061215894585536654
0.844,-0.12029708765068159
0.846,-0.17300497616779165
0.848,-0.21087816514470903
0.85,-0.22856176521558608
0.852,-0.22516604837853316
0.854,-0.20328637964441282
0.856,-0.1648780880278663
0.858,-0.11708507300923499
0.86,-0.0649625002807999
0.862,-0.015984805136318066
0.864,0.02376351489042298
0.866,0.048667962052670516
0.868,0.056749239145412786
0.87,0.04562952895722923
0.872,0.018068937158476427
0.874,-0.022030824189196933
0.876,-0.0670490683315648
0.878,-0.10627858462262536
0.88,-0.12955662631600126
0.882,-0.12382653566447144
0.884,-0.07978457039645034
0.886,0.009121164376093154
0.888,0.14410898820630585
0.89,0.31995007105560835
0.892,0.5207742541190088
0.894,0.7286186016102043
0.896,0.9166242817962312
0.898,1.052541465823709
0.9,1.1055302021339315
0.902,1.0514024623043627
0.904,0.878720796445667
0.906,0.5988574845503534
0.908,0.24441217988609093
0.91,-0.13169042223069172
0.912,-0.4698530323885405
0.914,-0.7134022397158469
0.916,-0.8285912046646018
0.918,-0.8064495834043949
0.92,-0.6687521120528954
0.922,-0.4627196655757424
0.924,-0.24157680619238642
0.926,-0.05727118359176525
0.928,0.05190215476138672
0.93,0.07237503584393598
0.932,0.008714217971572931
0.934,-0.11461869880611038
0.936,-0.26392260210672336
0.938,-0.4023051855329715
0.94,-0.5010023541034282
0.942,-0.5403172180892759
0.944,-0.5164031191247237
0.946,-0.4380144290680975
0.948,-0.3210689685710065
0.95,-0.19120619426575863
0.952,-0.06846809799953635
0.954,0.028033748819999843
0.956,0.08805322313062382
0.958,0.10968157580412558
0.96,0.09958053149148227
0.962,0.06734523366133793
0.964,0.02444184899053242
0.966,-0.019836207805775715
0.968,-0.05897792204707141
0.97,-0.08711604742263394
0.972,-0.10700536192775217
0.974,-0.12119374759709901
0.976,-0.13073557898106616
0.978,-0.13694582857905266
0.98,-0.14070132702062305
0.982,-0.1366146707593006
0.984,-0.12208790635587084
0.986,-0.09385749446442684
0.988,-0.05241482492670522
0.99,-0.0026422503832763435
0.992,0.046745688717735254
0.994,0.08393233846790721
0.996,0.1024140998039065
0.998,0.09528378007703507
1.0,0.06557544792019535
1.002,0.021125306457194754
1.004,-0.028051754645766733
1.006,-0.0713430687659706
1.008,-0.09919772872495848
1.01,-0.10996480808309902
1.012,-0.10531489526667699
1.014,-0.09120514122981138
1.016,-0.07287404287957887
1.018,-0.05670447104553802
1.02,-0.042779373007261645
1.022,-0.03165358858792387
1.024,-0.018320201262893673
1.026,-0.0008892207618119663
1.028,0.021809198465789024
1.03,0.04640898903847415
1.032,0.06836601939116249
1.034,0.08137060544317075
1.036,0.08027245025680711
1.038,0.06276308602109956
1.04,0.03316376404099333
1.042,-0.0049921092010702574
1.044,-0.04241487508705203
1.046,-0.07104137930870214
1.048,-0.08584996920294795
1.05,-0.08593676056156609
1.052,-0.07058895845140618
1.054,-0.044478004417005015
1.056,-0.014365042939508632
1.058,0.01717546649371423
1.06,0.04460650230343176
1.062,0.06671223737791038
1.064,0.08139826483408537
1.066,0.08928618054592358
1.068,0.09037524482344492
1.07,0.08594447679352261
1.072,0.07567950522030151
1.074,0.060877609794425705
1.076,0.044528246665926044
1.078,0.028139628203217738
1.08,0.014324390062327049
1.082,0.0052783510389243365
1.084,0.0023556565988599137
1.086,0.004899330392333831
1.088,0.012371993806279215
1.09,0.023690409259833217
1.092,0.03858922430197636
1.094,0.05684049535712346
1.096,0.07825290221879821
1.098,0.10050267691683569
1.1,0.1229578747839902
1.102,0.14166469223226405
1.104,0.15561062978633722
1.106,0.16121650875982327
1.108,0.15890321181439024
1.11,0.1504865005390933
1.112,0.13821096337351024
1.114,0.12335679061052698
1.116,0.11152561469139359
1.118,0.10382556306891129
1.12,0.10224118004504584
1.122,0.10736939253551606
1.124,0.11856951654228827
1.126,0.13540595472689013
1.128,0.15715909025583952
1.13,0.1811842022585967
1.132,0.20600269338892824
1.134,0.23115318280030617
1.136,0.25396487259837935
1.138,0.27246803759641647
1.14,0.2845858979057786
1.142,0.28762050616722734
1.144,0.28288800425726696
1.146,0.26924262256392373
1.148,0.2502540106060107
1.15,0.22988230035333668
1.152,0.21169602113959485
1.154,0.19984073759741994
1.156,0.19906520357335702
1.158,0.20809699291522646
1.16,0.2255556259898091
1.162,0.24939192254815995
1.164,0.27369020858478565
1.166,0.29457937445761084
1.168,0.30898490934832873
1.17,0.31405702354911574
1.172,0.3102373032385335
1.174,0.2970357152543521
1.176,0.27867059725028803
1.178,0.25569738869249914
1.18,0.23073109703797207
1.182,0.20627061526147591
1.184,0.18260259036751236
1.186,0.160748191777574
1.188,0.14042544189897707
1.19,0.12303967773376763
1.192,0.10771544596545235
1.194,0.09438634573912723
1.196,0.08291195522492303
1.198,0.07416965664012105
1.2,0.06805579224669366
1.202,0.06536809833128597
1.204,0.0665928346529751
1.206,0.06968865132691338
1.208,0.07399579718302746
1.21,0.07536632503075898
1.212,0.07255760512661552
1.214,0.06280221435243441
1.216,0.0453996325675028
1.218,0.021117770343621632
1.22,-0.006759913568003305
1.222,-0.035807902518149644
1.224,-0.0611714055528713
1.226,-0.08043412066985411
1.228,-0.08938287328688657
1.23,-0.08946402906353396
1.232,-0.08080200185108126
1.234,-0.06581832866244482
1.236,-0.04858693563671046
1.238,-0.030132987914963754
1.24,-0.015879709911206123
1.242,-0.006345256058330411
1.244,-0.0021243346756834513
1.246,-0.004069538599975142
1.248,-0.010554290196495113
1.25,-0.019710589689624355
1.252,-0.030573925088856865
1.254,-0.04213083027029525
1.256,-0.0543127581474049
1.258,-0.06598889788544958
1.26,-0.07700213003877898
1.262,-0.08625216653933127
1.264,-0.09181038945605496
1.266,-0.09303586373693402
1.268,-0.0906663268662907
1.27,-0.08387565042405673
1.272,-0.07230653569533435
1.274,-0.05707767837647102
1.276,-0.040754820933763945
1.278,-0.024258620196868558
1.28,-0.009685735285969546
1.282,-2.716111841360482e-05
1.284,0.0021876401511413354
1.286,-0.0037505867889027194
1.288,-0.016469213799764015
1.29,-0.03544545783131109
1.292,-0.057179208336875176
1.294,-0.07860093674167856
1.296,-0.09562217566631416
1.298,-0.107702805294603
1.3,-0.11228855574892518
1.302,-0.10903329091158137
1.304,-0.09776746095336201
1.306,-0.08226166917461569
1.308,-0.06186381966754118
1.31,-0.04112681520299914
1.312,-0.022479427254649145
1.314,-0.006985197946885311
1.316,0.0008222441381666067
1.318,0.002064480338116022
1.32,-0.004397516073007849
1.322,-0.01691134230985171
1.324,-0.03405835093193578
1.326,-0.05378536893396821
1.328,-0.07265954999911522
1.33,-0.08922200595363722
1.332,-0.10036577472154043
1.334,-0.10665897575257861
1.336,-0.10752457201682727
1.338,-0.1012498903762318
1.34,-0.09084542912794041
1.342,-0.07580498612083639
1.344,-0.05786440135732941
1.346,-0.039809137717809986
1.348,-0.023355170451465075
1.35,-0.010081569429291053
1.352,-0.002363243407939933
1.354,0.0007429606743724477
1.356,-0.0033413170209530066
1.358,-0.01352997674681234
1.36,-0.029945597635224693
1.362,-0.04891063734228676
1.364,-0.0701110035604413
1.366,-0.08990483098376174
1.368,-0.10572783136575252
1.37,-0.11549303009035078
1.372,-0.11690060215839193
1.374,-0.11160858416608341
1.376,-0.0982495092373283
1.378,-0.07833846777832378
1.38,-0.05410232671323467
1.382,-0.029264372825733333
1.384,-0.0067823098165425855
1.386,0.01147242053775466
1.388,0.02009779713150285
1.39,0.018586195168722848
1.392,0.006695324517448926
1.394,-0.01533819980998535
1.396,-0.04285105126306706
1.398,-0.07313115266817015
1.4,-0.09906614932606857
1.402,-0.11794027462728417
1.404,-0.12816261235992793
1.406,-0.1267365799982715
1.408,-0.11735143680948963
1.41,-0.10007245678731774
1.412,-0.07976773037833272
1.414,-0.05744399896626241
1.416,-0.03670962428971369
1.418,-0.019480239051088238
1.42,-0.00695715998498786
1.422,0.00021079274625447581
1.424,0.0007248311500813107
1.426,-0.003470826368174804
1.428,-0.014149185457389902
1.43,-0.029633891600663563
1.432,-0.04863047965778585
1.434,-0.06917476490442495
1.436,-0.08878646300985488
1.438,-0.10482542212660981
1.44,-0.11596083902933993
1.442,-0.11861004225614316
1.444,-0.11422700130773288
1.446,-0.10135889291368609
1.448,-0.08250715872406401
1.45,-0.058860830134984214
1.452,-0.03401553327609862
1.454,-0.010733824386402774
1.456,0.009246778040597587
1.458,0.022412874424138123
1.46,0.026752555700423095
1.462,0.020125217838956995
1.464,0.0016669122584561074
1.466,-0.0249089648975848
1.468,-0.05829013174703257
1.47,-0.09092567000792422
1.472,-0.11778781457230164
1.474,-0.1333725560709051
1.476,-0.13469162598533546
1.478,-0.12196416489032172
1.48,-0.0967961381360822
1.482,-0.0647953052753005
1.484,-0.029735969863427667
1.486,0.002461044063366556
1.488,0.028653017018307404
1.49,0.04507171816892467
1.492,0.05151881750542343
1.494,0.04721751378850838
1.496,0.03549224272364139
1.498,0.016431788482195613
1.5,-0.007355133950001102
1.502,-0.029915507879675597
1.504,-0.04915248331490067
1.506,-0.062136105995656846
1.508,-0.06455749372078122
1.51,-0.05723644322556588
1.512,-0.04148684518006174
1.514,-0.019152859203393605
1.516,0.003789105198093976
1.518,0.024007593934854236
1.52,0.040726682320876284
1.522,0.051442139346934604
1.524,0.05916333250436999
1.526,0.06504926467489548
1.528,0.07158143858750673
1.53,0.07860303333414581
1.532,0.0846555700573923
1.534,0.08793958977886301
1.536,0.08398187147614826
1.538,0.06979631609821295
1.54,0.04708140289595501
1.542,0.01693748181863908
1.544,-0.016246167857751376
1.546,-0.04679242320735369
1.548,-0.06932049021759303
1.55,-0.07936623990712538
1.552,-0.07745923781398556
1.554,-0.06326124342860107
1.556,-0.04174255003472749
1.558,-0.018710679163763965
1.56,0.001742792837052476
1.562,0.016316752694070805
1.564,0.02276581439689589
1.566,0.021379415052417524
1.568,0.01302911217654366
1.57,-0.0006870787599507722
1.572,-0.02175154512122534
1.574,-0.04829793714425279
1.576,-0.08165012855924733
1.578,-0.12029464905834253
1.58,-0.1593685199924747
1.582,-0.19407008185943847
1.584,-0.2140392057981313
1.586,-0.213370528679562
1.588,-0.18860099825023052
1.59,-0.13998247048339024
1.592,-0.07654676232824258
1.594,-0.006849972559156255
1.596,0.054260219211903465
1.598,0.09423999483075668
1.6,0.10708083563758579
1.602,0.08861691627273227
1.604,0.04268333249924506
1.606,-0.022771381792055016
1.608,-0.09623627244023183
1.61,-0.16639263195229387
1.612,-0.22268094234318792
1.614,-0.25746977206641125
1.616,-0.26678981113686023
1.618,-0.25070568347522004
1.62,-0.213409213694165
1.622,-0.15906202666985428
1.624,-0.09736893203662667
1.626,-0.033833886703568225
1.628,0.022253618195585904
1.63,0.0639939233134904
1.632,0.08699832592836321
1.634,0.08825333240119684
1.636,0.06861370360968992
1.638,0.0289410436286322
1.64,-0.022962409004082897
1.642,-0.08048070397454406
1.644,-0.13029833017747952
1.646,-0.15865256977101663
1.648,-0.152014032524816
1.65,-0.09853136867939621
1.652,0.00961138245506405
1.654,0.17215662217101124
1.656,0.3787422237815901
1.658,0.6088955942280966
1.66,0.8340914968755264
1.662,1.0155199714716194
1.664,1.1164808768437224
1.666,1.1074048578149565
1.668,0.9707833010897787
1.67,0.7120055527651806
1.672,0.362425387201036
1.674,-0.0280958632723878
1.676,-0.39765684457640726
1.678,-0.6840814902062279
1.68,-0.8464977649454701
1.682,-0.8671632865672415
1.684,-0.758695281260642
1.686,-0.5610833294107762
1.688,-0.3282944153052484
1.69,-0.11545483711029055
1.692,0.03383844909520652
1.694,0.0946825694534909
1.696,0.0639268768237333
1.698,-0.04128506907601749
1.7,-0.18772281298833446
1.702,-0.34141739239940283
1.704,-0.4671954959917659
1.706,-0.5406891335933656
1.708,-0.5496900485689306
1.71,-0.49551921632055124
1.712,-0.39179464873346337
1.714,-0.2614786121844309
1.716,-0.12828635423522852
1.718,-0.013482891456266095
1.72,0.06716857026868477
1.722,0.10688772478602553
1.724,0.10772778511163701
1.726,0.08106066873519646
1.728,0.03819405393414271
1.73,-0.007230025199983139
1.732,-0.04642990487771642
1.734,-0.0767664333344746
1.736,-0.09588110039446669
1.738,-0.10880528948449773
1.74,-0.11843692925914373
1.742,-0.12800315905138343
1.744,-0.13408863887227826
1.746,-0.13561980057489764
1.748,-0.12679980706485813
1.75,-0.10464652109614285
1.752,-0.0694986568035141
1.754,-0.024845399173657176
1.756,0.020942523003356785
1.758,0.06000780020548313
1.76,0.08411181616110955
1.762,0.08775619533272136
1.764,0.07057997179378282
1.766,0.0365313923157707
1.768,-0.0052542697901151675
1.77,-0.045490908380100316
1.772,-0.07699096553077397
1.774,-0.09438291588588202
1.776,-0.09778096000376515
1.778,-0.09128862116511258
1.78,-0.07664987451324252
1.782,-0.06065339267013236
1.784,-0.04389922114688594
1.786,-0.028366697248230432
1.788,-0.013821780058681486
1.79,0.0032272357221224605
1.792,0.02052717596890414
1.794,0.03853553780630675
1.796,0.05258020081232444
1.798,0.060684610052837165
1.8,0.05969803503516852
1.802,0.04726606085099216
1.804,0.02723538904082848
1.806,0.002313099736181619
1.808,-0.02188166914222123
1.81,-0.04203220791194473
1.812,-0.05316283606430111
1.814,-0.05417866713269015
1.816,-0.04778260225288844
1.818,-0.03389725862771571
1.82,-0.01589777779098278
1.822,0.004035885109884408
1.824,0.024222374669592425
1.826,0.04341128458657608
1.828,0.061489416916258484
1.83,0.07719400550169633
1.832,0.08804451053592398
1.834,0.0925785702757948
1.836,0.08881636483862834
1.838,0.07776635980540667
1.84,0.05974087350985616
1.842,0.037330966973754556
1.844,0.015005569941531925
1.846,-0.0035572978288482696
1.848,-0.014208729147299749
1.85,-0.01493709738479578
1.852,-0.006201172521364541
1.854,0.012053756522689212
1.856,0.03864082669095989
1.858,0.06853765670610532
1.86,0.1003568114285387
1.862,0.12779525256982072
1.864,0.14905201228228618
1.866,0.16118217441811442
1.868,0.1633805532731837
1.87,0.15714268895080857
1.872,0.14224210706151155
1.874,0.1244883307060257
1.876,0.10725521498145166
1.878,0.09287314539128266
1.88,0.08501881975197623
1.882,0.08525702886654282
1.884,0.09386135522353331
1.886,0.1089454857317914
1.888,0.12984200130240414
1.89,0.15257724835215208
1.892,0.17628857963684974
1.894,0.19945064527619577
1.896,0.22088916727787922
1.898,0.24064560822856454
1.9,0.25581793010242687
1.902,0.266514952308713
1.904,0.2709799742461362
1.906,0.26987025531138414
1.908,0.26157098460746997
1.91,0.24940667522503177
1.912,0.23460962365588986
1.914,0.22101535758596152
1.916,0.21152897495730166
1.918,0.20850898086686703
1.92,0.2132390084242345
1.922,0.22563511377351944
1.924,0.24326172451305522
1.926,0.26464191107911794
1.928,0.2857620658001554
1.93,0.30364751104274396
1.932,0.3158747750275362
1.934,0.31893061930893807
1.936,0.3123788447525256
1.938,0.29882930664987434
1.94,0.2787386694545079
1.942,0.2540981046756024
1.944,0.22905737703701812
1.946,0.20454777536016117
1.948,0.18198128280556078
1.95,0.1640809984807675
1.952,0.14787799787971012
1.954,0.1348850300562341
1.956,0.12236928016896981
1.958,0.11164789591150873
1.96,0.10127818195197977
1.962,0.09308120224814598
1.964,0.08697391533065683
1.966,0.08369149280390588
1.968,0.0815225261237976
1.97,0.07920683783575151
1.972,0.07508308348929149
1.974,0.06748597565364012
1.976,0.05428130178789828
1.978,0.03535612865452806
1.98,0.012869084754957363
1.982,-0.011863262778854675
1.984,-0.035839687572822236
1.986,-0.05508354598503875
1.988,-0.06737086834205469
1.99,-0.0717481788269104
1.992,-0.06868900910839568
1.994,-0.060862400688989446
1.996,-0.049614914687728655
1.998,-0.038362660259099284
2.0,-0.02808353266187246
2.002,-0.021052997059470186
2.004,-0.017839865291250853
2.006,-0.01849021341804339
2.008,-0.022761003004572986
2.01,-0.029277313304645516
2.012,-0.03855522798759336
2.014,-0.04890934741457975
2.016,-0.06034549705856975
2.018,-0.07053610060875314
2.02,-0.07995493192429451
2.022,-0.08615016670578973
2.024,-0.08908545748397134
2.026,-0.08741548530602457
2.028,-0.08159941104816237
2.03,-0.07180036322166354
2.032,-0.06161226059365799
2.034,-0.051701289875402984
2.036,-0.043489997495635944
2.038,-0.03896242170434006
2.04,-0.037617044716007894
2.042,-0.03853640195832199
2.044,-0.04249907391724056
2.046,-0.048064034410693623
2.048,-0.05460656022113246
2.05,-0.06231886119135826
2.052,-0.07022584789756464
2.054,-0.07726562485165756
2.056,-0.08244349636272685
2.058,-0.08602357900666589
2.06,-0.08568318798588444
2.062,-0.08356904091654851
2.064,-0.08020923080500433
2.066,-0.07532151556121669
2.068,-0.06959535106356995
2.07,-0.06454389103222993
2.072,-0.05949302177660378
2.074,-0.05271241174058906
2.076,-0.04661579833831267
2.078,-0.03990291569351045
2.08,-0.03555189372595675
2.082,-0.0345992116898485
2.084,-0.03876971991604507
2.086,-0.04607934116446041
2.088,-0.05758776723490559
2.09,-0.07141905196200563
2.092,-0.08310019299363977
2.094,-0.09213906970149302
2.096,-0.09565764851984233
2.098,-0.09188954959405776
2.1,-0.08337555128142486
2.102,-0.07079478931054864
2.104,-0.055507883388326004
2.106,-0.040965236761801166
2.108,-0.02916821792150993
2.11,-0.022339504058582735
2.112,-0.019857147569485967
2.114,-0.02141893447743039
2.116,-0.02631983399994402
2.118,-0.03371693341137881
2.12,-0.041788350842202816
2.122,-0.04976372275748477
2.124,-0.05786426539761316
2.126,-0.06622996152411283
2.128,-0.07290550098502044
2.13,-0.07792255906583552
2.132,-0.08045494018343025
2.134,-0.07900082516193382
2.136,-0.07353102709624997
2.138,-0.06355679021588222
2.14,-0.05111004146173869
2.142,-0.037642689143182174
2.144,-0.02487357947186446
2.146,-0.01459647037616277
2.148,-0.008455131262715042
2.15,-0.007689941153006053
2.152,-0.012876693808106134
2.154,-0.02370718332089028
2.156,-0.03988643837155928
2.158,-0.058218157842882284
2.16,-0.07692307569440472
2.162,-0.09115041694818588
2.164,-0.0985858979010221
2.166,-0.09898460967479247
2.168,-0.09146674576171343
2.17,-0.07947699206397507
2.172,-0.06439616691043948
2.174,-0.04893145588982553
2.176,-0.036468902195834846
2.178,-0.027590779125532202
2.18,-0.02390115779822622
2.182,-0.023171944863263873
2.184,-0.024721608119815983
2.186,-0.02883944927577919
2.188,-0.0340752668505418
2.19,-0.04028564931072011
2.192,-0.049431694536699315
2.194,-0.05923453264471882
2.196,-0.06987147926598822
2.198,-0.08085932802587317
2.2,-0.08821491455813842
2.202,-0.09287482771783377
2.204,-0.09023415459485923
2.206,-0.08165718063971505
2.208,-0.06577656941851062
2.21,-0.04450866716231789
2.212,-0.021766154150962
2.214,5.7012423443336326e-05
2.216,0.01670586460645842
2.218,0.02367180507383167
2.22,0.021679415137235265
2.222,0.009964330869185451
2.224,-0.009695294006473102
2.226,-0.03322698517109452
2.228,-0.05477862175458934
2.23,-0.07144039695361498
2.232,-0.07904191440356675
2.234,-0.07585504998012932
2.236,-0.06399933710360851
2.238,-0.0453961894497769
2.24,-0.02323980538139693
2.242,-0.0020966860301625985
2.244,0.014107095797542865
2.246,0.0258800373537368
2.248,0.03244763622210424
2.25,0.03741018654042044
2.252,0.04186575031739856
2.254,0.049330832942662904
2.256,0.05887193677145946
2.258,0.0678368332345634
2.26,0.07334793953879523
2.262,0.06943118434282557
2.264,0.05539624577131186
2.266,0.029925832982515527
2.268,-0.0025723928148715363
2.27,-0.03657729774857843
2.272,-0.06388393650951521
2.274,-0.0794119255216684
2.276,-0.07978092728154335
2.278,-0.06412214464433622
2.28,-0.03885535532584162
2.282,-0.007512043535573277
2.284,0.01996123704715016
2.286,0.03787148212833649
2.288,0.043890532189390416
2.29,0.035349736998492344
2.292,0.014784458362942721
2.294,-0.014956925034307565
2.296,-0.04759650072977148
2.298,-0.08197087078272965
2.3,-0.11510577714633308
2.302,-0.1439818928029953
2.304,-0.16530055134095037
2.306,-0.1775687044561915
2.308,-0.1776500249960823
2.31,-0.16268559958853637
2.312,-0.1330525083413726
2.314,-0.09093713039804577
2.316,-0.043200349651992265
2.318,0.0035586453732104235
2.32,0.038522239808536335
2.322,0.05734138241270759
2.324,0.055476242033360774
2.326,0.03283492735625627
2.328,-0.007421381957711814
2.33,-0.056746884838120924
2.332,-0.10841576660059318
2.334,-0.15666996909288022
2.336,-0.19354421310052278
2.338,-0.21730494756468577
2.34,-0.22359894215325693
2.342,-0.21253328764955823
2.344,-0.18583505465702144
2.346,-0.14612778174525445
2.348,-0.09720077307788606
2.35,-0.04305564784392776
2.352,0.009461304034523782
2.354,0.05151610995672325
2.356,0.0785358417802086
2.358,0.08460130568537925
2.36,0.0677103464827717
2.362,0.02766489201613266
2.364,-0.027532344296690693
2.366,-0.08880035481404416
2.368,-0.14057267500932047
2.37,-0.16686193646407027
2.372,-0.15281998004511343
2.374,-0.0848263062133044
2.376,0.040972389928417174
2.378,0.21999756178941673
2.38,0.4400345449819134
2.382,0.674263241985525
2.384,0.8912724249528771
2.386,1.0554181066737145
2.388,1.132278858820448
2.39,1.0942099212261083
2.392,0.9314127437314269
2.394,0.6547340659060538
2.396,0.29677841705500996
2.398,-0.087209411767486
2.4,-0.4360750046497523
2.402,-0.6943436161933801
2.404,-0.822244012050565
2.406,-0.8097416500754434
2.408,-0.6778662309809644
2.41,-0.4678834524983642
2.412,-0.2372831780465292
2.414,-0.03866874446022796
2.416,0.08681215860760388
2.418,0.12012026845035328
2.42,0.06356035040473444
2.422,-0.06063138835449551
2.424,-0.21836606579826293
2.426,-0.37261655111148095
2.428,-0.4900804665119892
2.43,-0.5488370467244651
2.432,-0.5409806619787902
2.434,-0.4711054978134751
2.436,-0.35628309618704535
2.438,-0.21962568042526098
2.44,-0.08663683065921683
2.442,0.023661982888222546
2.444,0.09620182522492408
2.446,0.1277419456520483
2.448,0.12328126577471718
2.45,0.09139356780301318
2.452,0.04599719907362333
2.454,-0.0009156321784449221
2.456,-0.04210174900885594
2.458,-0.07409280951366992
2.46,-0.09727707542806273
2.462,-0.1141299835123373
2.464,-0.12692588244059375
2.466,-0.13642131250254574
2.468,-0.14301331181443724
2.47,-0.14171117115740833
2.472,-0.12897925012210068
2.474,-0.10314693575343035
2.476,-0.06283869496406322
2.478,-0.01481647908314721
2.48,0.036225591449910124
2.482,0.07897580793580684
2.484,0.10661296536710922
2.486,0.11102324788289611
2.488,0.09238955388601554
2.49,0.0555667080831367
2.492,0.007086710218660386
2.494,-0.03988949966906714
2.496,-0.07800954134615587
2.498,-0.10073819499650462
2.5,-0.10733163791857629
2.502,-0.10054375288673106
2.504,-0.0843103596539221
2.506,-0.06400504287903522
2.508,-0.04396053068469672
2.51,-0.024783009222302373
2.512,-0.00562109263711148
2.514,0.014862871280110646
2.516,0.03634702614908604
2.518,0.057106736584960426
2.52,0.07304800258232327
2.522,0.08154662774122877
2.524,0.07675807260254473
2.526,0.05987648906010161
2.528,0.03280523301282
2.53,-0.0010383560852473904
2.532,-0.034740650475142236
2.534,-0.06238124609588441
2.536,-0.07847510391231656
2.538,-0.08190858866527502
2.54,-0.07111722805254833
2.542,-0.051565873312933684
2.544,-0.023802776127172826
2.546,0.0064965780323561475
2.548,0.036195406390079087
2.55,0.06291870931841367
2.552,0.08491928387683546
2.554,0.09981091121222865
2.556,0.10741792949559309
2.558,0.10587769694177968
2.56,0.09598016880456994
2.562,0.07856235703885951
2.564,0.0557320274154333
2.566,0.03174205107090232
2.568,0.00847888512115854
2.57,-0.008296331282485437
2.572,-0.017731834315314755
2.574,-0.01642938832270628
2.576,-0.0056122076573432034
2.578,0.014106526403292905
2.58,0.04021195496844695
2.582,0.06983960093602025
2.584,0.10021013528594283
2.586,0.12786335829456322
2.588,0.15072624853402986
2.59,0.16512255245856036
2.592,0.17185144675610164
2.594,0.17037639932132514
2.596,0.1610885059022102
2.598,0.14550737631662827
2.6,0.1272708008072811
2.602,0.10881872898570587
2.604,0.09380112323764467
2.606,0.08534794656799337
2.608,0.08541987146290247
2.61,0.09444238156655207
2.612,0.11133257711222802
2.614,0.13589142093582235
2.616,0.16340236725008142
2.618,0.1912348621235479
2.62,0.21725396679163592
2.622,0.23895370491048168
2.624,0.2563540595442968
2.626,0.26879108821244757
2.628,0.2747685415358267
2.63,0.2759831842641627
2.632,0.27152281322782934
2.634,0.2621484085293632
2.636,0.24948942596627233
2.638,0.2340065480275347
2.64,0.22066404368293074
2.642,0.21135601464112125
2.644,0.2082620352876699
2.646,0.21232793768289554
2.648,0.2240463568113614
2.65,0.24060375574902232
2.652,0.25934502732772385
2.654,0.27639300320850796
2.656,0.29123383365824707
2.658,0.29909546200400455
2.66,0.30006333445684363
2.662,0.29394707888133215
2.664,0.2820230623627946
2.666,0.2647845713279401
2.668,0.24280941700474268
2.67,0.21777667171298404
2.672,0.1895855227267435
2.674,0.15948622600356588
2.676,0.1301160498559557
2.678,0.10137660333432597
2.68,0.07616219327481558
2.682,0.056991775330086564
2.684,0.04465234451115334
2.686,0.040956800376449366
2.688,0.045679680427140226
2.69,0.05469397430215467
2.692,0.0662828094353999
2.694,0.0755497459428831
2.696,0.07986446891220329
2.698,0.07726149791335486
2.7,0.06574043954416531
2.702,0.04843212498589301
2.704,0.024596311243801666
2.706,-0.0015361482727475335
2.708,-0.028084029322802816
2.71,-0.052946843812442974
2.712,-0.07429133066383228
2.714,-0.08800681794786173
2.716,-0.0940485088982482
2.718,-0.09158478735843693
2.72,-0.08092471226831517
2.722,-0.06523712359500043
2.724,-0.04712301249534786
2.726,-0.031145270218550774
2.728,-0.01941200796191907
2.73,-0.01330346858991541
2.732,-0.01237696307959323
2.734,-0.016443967707936925
2.736,-0.022764142661461224
2.738,-0.03129207761247881
2.74,-0.04089647018747311
2.742,-0.05151198995013176
2.744,-0.06220079103777399
2.746,-0.07314245587082902
2.748,-0.083583139366768
2.75,-0.09179056168206001
2.752,-0.09805200423949242
2.754,-0.10072892983182297
2.756,-0.09937409986898162
2.758,-0.0938803576695237
2.76,-0.08462335335026913
2.762,-0.07054843740766319
2.764,-0.05616492357864217
2.766,-0.04040537764903914
2.768,-0.027375465699610156
2.77,-0.019005029266010113
2.772,-0.0156805049755705
2.774,-0.018937143799352695
2.776,-0.028285738752985044
2.778,-0.04323476487292415
2.78,-0.06051284512215906
2.782,-0.07945958098843656
2.784,-0.09548992824249927
2.786,-0.10654232420788548
2.788,-0.11140020553315036
2.79,-0.10982942284810998
2.792,-0.10151731419417907
2.794,-0.08985603564087889
2.796,-0.0756357741640061
2.798,-0.0607437348926266
2.8,-0.04592542900822387
2.802,-0.03464534800103425
2.804,-0.025026437674314186
2.806,-0.019848404289911723
2.808,-0.019539145479715386
2.81,-0.02314462994843446
2.812,-0.030272366011110167
2.814,-0.04203602323062266
2.816,-0.05704434376637598
2.818,-0.07248227245833752
2.82,-0.08730110988369201
2.822,-0.09849618329969395
2.824,-0.10543149103586229
2.826,-0.10713278452363058
2.828,-0.10148524057520436
2.83,-0.08928871835663912
2.832,-0.07415008358264434
2.834,-0.05623267309436364
2.836,-0.038924460682022266
2.838,-0.024475543125592858
2.84,-0.014678565681054481
2.842,-0.010638760818743365
2.844,-0.011662630453119377
2.846,-0.017273597743490895
2.848,-0.027336819717103215
2.85,-0.04026239185999351
2.852,-0.05424927131853931
2.854,-0.06852450546854066
2.856,-0.08153716227163622
2.858,-0.09208450703759373
2.86,-0.09836056210500008
2.862,-0.09894404661506598
2.864,-0.09675827085440242
2.866,-0.09003176421495819
2.868,-0.07930623553360025
2.87,-0.06548225031984972
2.872,-0.049882991997499466
2.874,-0.03328103107395263
2.876,-0.015826614517175132
2.878,-0.002834775654776567
2.88,0.0035834014034467837
2.882,0.0029759737900886094
2.884,-0.008011855319129815
2.886,-0.027341476407902677
2.888,-0.05155999291382843
2.89,-0.07910647101791798
2.892,-0.10291009398279738
2.894,-0.12017608889236896
2.896,-0.12715572144182571
2.898,-0.12371899139139383
2.9,-0.11057122316865975
2.902,-0.0900660090620205
2.904,-0.06466868275332882
2.906,-0.041225949541263074
2.908,-0.020224130732839043
2.91,-0.0062349893380900375
2.912,-0.00063281700686239
2.914,-0.0026094768775240538
2.916,-0.010407458066012704
2.918,-0.023649000868068693
2.92,-0.0386380076872873
2.922,-0.055574666455531566
2.924,-0.07266155854659186
2.926,-0.08716002106448956
2.928,-0.09845904442003603
2.93,-0.10519577385827636
2.932,-0.10743038359693673
2.934,-0.10481803026609575
2.936,-0.09570624396239719
2.938,-0.0841034230473935
2.94,-0.06949433219940518
2.942,-0.05357393486359742
2.944,-0.03897712161815075
2.946,-0.02610114940492445
2.948,-0.01507414014854818
2.95,-0.006844009195163805
2.952,-0.0022993043772776686
2.954,-0.0033089171284178863
2.956,-0.00959058157917797
2.958,-0.0224069039787188
2.96,-0.04317151926686955
2.962,-0.06812940449899717
2.964,-0.09629778092091708
2.966,-0.12176462857168276
2.968,-0.1393570023257226
2.97,-0.14552889120043552
2.972,-0.13823460439301058
2.974,-0.11653241561503852
2.976,-0.08273327287238198
2.978,-0.0430388091957313
2.98,-0.002762382810110006
2.982,0.032652926967678214
2.984,0.05858104773274615
2.986,0.0699239664645306
2.988,0.06749386174039794
2.99,0.05106069059969906
2.992,0.022155850524520487
2.994,-0.013284667937859542
2.996,-0.05138824514323117
2.998,-0.0849042746419327
3.0,-0.1088781466609487
3.002,-0.11840729684235743
3.004,-0.11038856472391596
3.006,-0.08807825376762607
3.008,-0.05224574687775781
3.01,-0.01078640541839581
3.012,0.030235641863368246
3.014,0.06291018894083995
3.016,0.08483213004653437
3.018,0.09305545324991416
3.02,0.08934287672517201
3.022,0.07960272466849662
3.024,0.0656982428164099
3.026,0.05406692023161397
3.028,0.04463980721181968
3.03,0.036487559980490455
3.032,0.028311541675468416
3.034,0.01657314625145707
3.036,0.0007868643100596766
3.038,-0.018600199027715
3.04,-0.038162946365557227
3.042,-0.052394252617323694
3.044,-0.057260844530991395
3.046,-0.049844292847105065
3.048,-0.030427167052816635
3.05,-0.0025600151674917008
3.052,0.024977580036028117
3.054,0.04699945143114808
3.056,0.0558744141109467
3.058,0.050958291642289294
3.06,0.031999695237766045
3.062,0.0034509482965882996
3.064,-0.027991439574497436
3.066,-0.05900216402484583
3.068,-0.08675429648310083
3.07,-0.10916268245601965
3.072,-0.12923560145989776
3.074,-0.1469043909083105
3.076,-0.16294646493556358
3.078,-0.17455317547469976
3.08,-0.17783692748913615
3.082,-0.16715341089772312
3.084,-0.1397645669727873
3.086,-0.09718593866216561
3.088,-0.042653160601456776
3.09,0.013543413407004958
3.092,0.06172357887257171
3.094,0.09098247268449855
3.096,0.09622829272520521
3.098,0.07352050354963538
3.1,0.025423026775886533
3.102,-0.04060943421358029
3.104,-0.11551768191812034
3.106,-0.18618970603683674
3.108,-0.24293572695599655
3.11,-0.27867915213905065
3.112,-0.2878342194895421
3.114,-0.26792616255539126
3.116,-0.22199060799249967
3.118,-0.15570015274345345
3.12,-0.07909445544945946
3.122,-0.0007748293959200317
3.124,0.06645013496901624
3.126,0.113324607067326
3.128,0.1319626950996254
3.13,0.1213207174181447
3.132,0.08197398281264918
3.134,0.021077230923195207
3.136,-0.051381580333131525
3.138,-0.12171794438665941
3.14,-0.1757434770214044
3.142,-0.19880963133510135
3.144,-0.17874052392144102
3.146,-0.10488247950446064
3.148,0.02246115539526235
3.15,0.20116648865791364
3.152,0.41628421875173405
3.154,0.6486094493650894
3.156,0.8676832746122695
3.158,1.0419544105048142
3.16,1.1372389806037968
3.162,1.1248479617864535
3.164,0.9889622494252193
3.166,0.7324116567110147
3.168,0.3851578760217609
3.17,-0.006482204533915645
3.172,-0.3796257719589802
3.174,-0.6741702019632212
3.176,-0.8473155069337975
3.178,-0.8786809214683001
3.18,-0.7810185122081751
3.182,-0.5917072608074402
3.184,-0.36269966681071253
3.186,-0.1478425447294187
3.188,0.008835599071917688
3.19,0.08339264705984903
3.192,0.07113337292887784
3.194,-0.011754453595283959
3.196,-0.14028468980773678
3.198,-0.27977587839393386
3.2,-0.40001137859166735
3.202,-0.47675652429004095
3.204,-0.49866104272362766
3.206,-0.4643841421505785
3.208,-0.3844885048789155
3.21,-0.2770215980217905
3.212,-0.1627677206594906
3.214,-0.059957711167497665
3.216,0.018077065439108253
3.218,0.0631122224207712
3.22,0.07812369132916008
3.222,0.07041515066582871
3.224,0.04704997499341824
3.226,0.01994568759303367
3.228,-0.004955767344618846
3.23,-0.023981301238311915
3.232,-0.0391526836847199
3.234,-0.05362102003817039
3.236,-0.07031524080017425
3.238,-0.09129798824611401
3.24,-0.11447500331113464
3.242,-0.13623248935937868
3.244,-0.14925079468296654
3.246,-0.14630304136629602
3.248,-0.12541762540211948
3.25,-0.08556791212483353
3.252,-0.03417499272188838
3.254,0.01891562699244486
3.256,0.06273526937476669
3.258,0.08803436145809798
3.26,0.09068367973183837
3.262,0.07278068577147183
3.264,0.04006884481726468
3.266,0.002901519472735505
3.268,-0.030494368224617843
3.27,-0.05344463784413816
3.272,-0.06409954251284664
3.274,-0.06617257838977421
3.276,-0.06437950356268178
3.278,-0.06131189425127921
3.28,-0.061664443640912864
3.282,-0.06252735042861216
3.284,-0.061006709448737984
3.286,-0.051837472794081685
3.288,-0.03426871790865819
3.29,-0.008381035571588027
3.292,0.02373321997213612
3.294,0.053023863883070926
3.296,0.07437135400508334
3.298,0.08155607038392695
3.3,0.0735766318720158
3.302,0.05184552537791332
3.304,0.02326892860573219
3.306,-0.0063714247527354865
3.308,-0.032070871042408064
3.31,-0.049696278733318645
3.312,-0.05822111720635441
3.314,-0.059186203766636206
3.316,-0.05178403909672429
3.318,-0.04007793136490824
3.32,-0.024705641647433767
3.322,-0.004154797593595407
3.324,0.0186272127738136
3.326,0.042709714610767044
3.328,0.06510215480739406
3.33,0.08228512887733237
3.332,0.09219348259587451
3.334,0.0912566322418517
3.336,0.0800505969878544
3.338,0.06324542386813772
3.34,0.04382949193181186
3.342,0.025904117340119735
3.344,0.014508774950309755
3.346,0.009923616048685788
3.348,0.01169598560837637
3.35,0.017311570859456872
3.352,0.02517616677295609
3.354,0.03344880898540759
3.356,0.04236355436149605
3.358,0.05391412695347256
3.36,0.06907141945903263
3.362,0.08791655489960494
3.364,0.11110537485430055
3.366,0.1349295233594219
3.368,0.15499034884261584
3.37,0.16922637047799477
3.372,0.17389002541289886
3.374,0.16910965939390898
3.376,0.15683367251699334
3.378,0.14122118808819692
3.38,0.1267448597190636
3.382,0.11535692739174838
3.384,0.11000084934803936
3.386,0.11155606912226947
3.388,0.11911454065744886
3.39,0.1323523892783395
3.392,0.15075735871440643
3.394,0.1745979930046352
3.396,0.20168767633784362
3.398,0.22914449773828605
3.4,0.2553728304923252
3.402,0.277401456864544
3.404,0.29054643587954265
3.406,0.29519142456900527
3.408,0.28937227011989514
3.41,0.2769240305067743
3.412,0.2600718142209736
3.414,0.24459415164414933
3.416,0.23182829320852055
3.418,0.22587802966619178
3.42,0.22626919143842839
3.422,0.2311457051093415
3.424,0.23986767197871126
3.426,0.24873025527541812
3.428,0.256513432303829
3.43,0.26165644298034085
3.432,0.26605127694942643
3.434,0.2676042740367756
3.436,0.2668325326567432
3.438,0.2637049228991585
3.44,0.2578301661319855
3.442,0.24691464083677228
3.444,0.23028905568664715
3.446,0.2082593128592573
3.448,0.182120452961256
3.45,0.1548175907183594
3.452,0.12838788883518926
3.454,0.10441226610339036
3.456,0.08468719415130536
3.458,0.06922134655347899
3.46,0.05751938447634941
3.462,0.04798633944373993
3.464,0.040249760196746455
3.466,0.03324388540553444
3.468,0.02903339753311249
3.47,0.027472895763862748
3.472,0.028899351944709425
3.474,0.0310292616299448
3.476,0.03315604212130395
3.478,0.031590619567897875
3.48,0.025192297375530373
3.482,0.014770261532466024
3.484,0.00019357775046628933
3.486,-0.0168336631157214
3.488,-0.03324969686130017
3.49,-0.04718029436520037
3.492,-0.05734849921519472
3.494,-0.06522033147641493
3.496,-0.06886781879900497
3.498,-0.07066822344707761
3.5,-0.06899118442458661
3.502,-0.06604673756974773
3.504,-0.05994332962822331
3.506,-0.05192824985688313
3.508,-0.04265820282504455
3.51,-0.03234638417639712
3.512,-0.02267237287457157
3.514,-0.015442952621253767
3.516,-0.014109805661463812
3.518,-0.01731017337411386
3.52,-0.02661553207671367
3.522,-0.0395716460754211
3.524,-0.05403525518446152
3.526,-0.06768300331834383
3.528,-0.0785253549150707
3.53,-0.08426599451718446
3.532,-0.08542319151284411
3.534,-0.0822184159436702
3.536,-0.07633190759345278
3.538,-0.06764593677187371
3.54,-0.058085470455157974
3.542,-0.04758372769831107
3.544,-0.03714309030830972
3.546,-0.027897161812836656
3.548,-0.02008677475760438
3.55,-0.016907703394726234
3.552,-0.017244410891975342
3.554,-0.023391210080274158
3.556,-0.03285465057484885
3.558,-0.04634755377916342
3.56,-0.0599863962963234
3.562,-0.072666347034786
3.564,-0.08149385515347983
3.566,-0.08616398737762196
3.568,-0.08617115039810577
3.57,-0.08181538971792868
3.572,-0.07402466314490581
3.574,-0.06406978607817615
3.576,-0.055269706673288274
3.578,-0.046762501906205955
3.58,-0.03939563109746882
3.582,-0.03471973963308481
3.584,-0.030049505667146117
3.586,-0.02855280602154362
3.588,-0.027305779733553463
3.59,-0.029323125077521182
3.592,-0.03153857659880742
3.594,-0.03678021365009783
3.596,-0.04272871339509481
3.598,-0.04989300242093045
3.6,-0.05758799978519832
3.602,-0.06693004974590744
3.604,-0.07485304501282608
3.606,-0.08017980930482094
3.608,-0.08276015155295932
3.61,-0.08068593779620231
3.612,-0.07356356926571725
3.614,-0.059773757376988604
3.616,-0.04363671244236769
3.618,-0.024373421708883222
3.62,-0.007831144937188709
3.622,0.004040806330947408
3.624,0.008846360195289575
3.626,0.0043760359360877805
3.628,-0.008972942598409795
3.63,-0.029145818495463507
3.632,-0.05080422612697163
3.634,-0.07206435925295708
3.636,-0.08640066006730586
3.638,-0.09348277043835299
3.64,-0.09168147079931827
3.642,-0.08211024335416078
3.644,-0.06918695283630868
3.646,-0.05485877123325834
3.648,-0.04375138549743344
3.65,-0.03750247416111322
3.652,-0.03449134269263945
3.654,-0.03502687846751086
3.656,-0.03588628827135709
3.658,-0.035997004960725366
3.66,-0.03398819781738707
3.662,-0.031412382251144996
3.664,-0.029551103402163142
3.666,-0.029887105058306412
3.668,-0.03544152283475613
3.67,-0.04521935626739788
3.672,-0.05897766192345756
3.674,-0.07439410662151917
3.676,-0.08758853627372873
3.678,-0.09582750543441071
3.68,-0.09719063531047326
3.682,-0.09001256241174127
3.684,-0.07600473237548444
3.686,-0.05706252964077044
3.688,-0.03486079979779479
3.69,-0.014370706426703355
3.692,0.0025976426530239555
3.694,0.013754563382454855
3.696,0.015592463317101546
3.698,0.010570956589428507
3.7,-0.0037821165400678553
3.702,-0.023853963250353973
3.704,-0.04708857794211919
3.706,-0.07131500248603194
3.708,-0.09025912071476105
3.71,-0.10316792299972743
3.712,-0.10737652653748514
3.714,-0.1026604912357221
3.716,-0.09123401357608199
3.718,-0.07537235707496705
3.72,-0.058771211290776185
3.722,-0.04385028920570075
3.724,-0.03124342906633268
3.726,-0.022646087371745487
3.728,-0.01704280649797891
3.73,-0.013191592773922057
3.732,-0.011120603829007264
3.734,-0.01138669909301948
3.736,-0.01594870612130815
3.738,-0.025675065122827134
3.74,-0.041685380520418064
3.742,-0.06181361273011042
3.744,-0.08446951473760547
3.746,-0.10501749218188307
3.748,-0.11960592699153225
3.75,-0.12217939523119774
3.752,-0.11434137269676264
3.754,-0.09575403371370855
3.756,-0.06896707719121681
3.758,-0.03874797669601498
3.76,-0.009171099574567822
3.762,0.01621550030876679
3.764,0.03490344586766658
3.766,0.045537287807300195
3.768,0.046727444459665736
3.77,0.0397782202698443
3.772,0.024531017300589084
3.774,0.0034222600917724953
3.776,-0.021327839004141386
3.778,-0.04659202060582568
3.78,-0.06850381621612849
3.782,-0.0820291398275032
3.784,-0.08386388914113643
3.786,-0.07238370877782986
3.788,-0.048286837127671685
3.79,-0.01563212593597301
3.792,0.02082226185408035
3.794,0.054799188819021426
3.796,0.08181472906984723
3.798,0.09816093379575234
3.8,0.10323148577287178
3.802,0.10112268156524493
3.804,0.09273823420518446
3.806,0.07984418152813758
3.808,0.06550650929533244
3.81,0.04715844289806172
3.812,0.024246466095785263
3.814,-0.0009165254518427431
3.816,-0.026586986361627714
3.818,-0.047715070929697914
3.82,-0.059879284110721714
3.822,-0.057759581526774274
3.824,-0.04259957859451024
3.826,-0.016013557422296786
3.828,0.014279268181720456
3.83,0.04083821094609112
3.832,0.0565744378330835
3.834,0.05679692125248679
3.836,0.04148042323177149
3.838,0.016280094730928743
3.84,-0.013709886127358623
3.842,-0.04195628658087902
3.844,-0.06346577107512459
3.846,-0.07696598827016576
3.848,-0.08684228306249514
3.85,-0.09488631225485501
3.852,-0.10541834616900407
3.854,-0.12058127752555234
3.856,-0.13856114718305856
3.858,-0.15311317948984507
3.86,-0.15625351971161258
3.862,-0.1455111287773852
3.864,-0.1158947899784139
3.866,-0.0708580953677333
3.868,-0.01787535158015253
3.87,0.03223331020279778
3.872,0.06868255714149576
3.874,0.08406019876532617
3.876,0.07195475836435
3.878,0.03551734640933402
3.88,-0.021044141465978765
3.882,-0.08770066681558869
3.884,-0.15313381090105094
3.886,-0.2081732114676048
3.888,-0.24593623030225054
3.89,-0.2586559676413673
3.892,-0.2472917308102671
3.894,-0.21096174454492517
3.896,-0.15617390360154998
3.898,-0.09068338050903885
3.9,-0.022828191755967276
3.902,0.03670677053092571
3.904,0.0785494985201301
3.906,0.0973759822392754
3.908,0.09029249868201682
3.91,0.06053064508683757
3.912,0.012336208754686651
3.914,-0.044772893458673184
3.916,-0.10003553888149719
3.918,-0.14039144371498397
3.92,-0.15516575224860002
3.922,-0.13058855666504807
3.924,-0.06050137804003691
3.926,0.05840065562854021
3.928,0.2246444321838021
3.93,0.42567618037142274
3.932,0.6439476064935403
3.934,0.853376439782629
3.936,1.0220393044252374
3.938,1.1173654497302503
3.94,1.1102423366529997
3.942,0.9816047256689855
3.944,0.7355868413141291
3.946,0.39740851036956304
3.948,0.012944509826065327
3.95,-0.35587296984791245
3.952,-0.6493739213855214
3.954,-0.8227866563957331
3.956,-0.8565490574106738
3.958,-0.7622109331322277
3.96,-0.5760549128320572
3.962,-0.35106530492493737
3.964,-0.14116112739670258
3.966,0.008675931406745187
3.968,0.07484790524588214
3.97,0.05442595128008508
3.972,-0.03920499062901905
3.974,-0.17455649790880398
3.976,-0.3174215094668946
3.978,-0.43738583935500214
3.98,-0.5076929661666529
3.982,-0.5173856182344323
3.984,-0.4684672917740404
3.986,-0.3725926587697559
3.988,-0.2502453286008166
3.99,-0.12447609241663674
3.992,-0.016130844343372412
3.994,0.060813422695918336
3.996,0.10152258872238408
3.998,0.10720058722523196
4.0,0.08684717818459414
4.002,0.05226323937975122
4.004,0.013798860534749241
4.006,-0.02063235702937719
4.008,-0.047816642641114925
4.01,-0.06749619585654111
4.012,-0.08361757303059639
4.014,-0.09887465947858201
4.016,-0.11510877418347894
4.018,-0.1311939590469145
4.02,-0.14289622611831335
4.022,-0.14284583127846465
4.024,-0.12733348966280128
4.026,-0.09226809944137
4.028,-0.04352477661735869
4.03,0.013960947093540574
4.032,0.06652985663711518
4.034,0.10326297390875379
4.036,0.11678495131834396
4.038,0.10247021740902335
4.04,0.06628742413682873
4.042,0.015958666330242385
4.044,-0.03627469143425415
4.046,-0.07953196473431638
4.048,-0.10584817445401394
4.05,-0.11459770782167204
4.052,-0.10741153035053433
4.054,-0.0907882063940789
4.056,-0.068033422252327
4.058,-0.046372755758559
4.06,-0.025901191667614693
4.062,-0.007674670840935029
4.064,0.010274541477672887
4.066,0.028553269505389937
4.068,0.04633858360369151
4.07,0.06212295311203801
4.072,0.07139432446122057
4.074,0.07296906229827368
4.076,0.06239958801093569
4.078,0.04087591141629896
4.08,0.012220780017135762
4.082,-0.017033940963011442
4.084,-0.041157127667907675
4.086,-0.056764651848107764
4.088,-0.058866545247456506
4.09,-0.050110030902714015
4.092,-0.03220497402222328
4.094,-0.009846093575106225
4.096,0.01343507577755978
4.098,0.03407351006801371
4.1,0.05071921647961192
4.102,0.06396378127645122
4.104,0.07378493790490624
4.106,0.08103027286355136
4.108,0.08418621061169564
4.11,0.08452622040802422
4.112,0.0795288732324335
4.114,0.07036225391362903
4.116,0.05618491655334859
4.118,0.04013170208979792
4.12,0.02296380470751909
4.122,0.008519522428467973
4.124,0.00013921532281494306
4.126,-0.0007608233954212312
4.128,0.007123667482879753
4.13,0.024023833987037516
4.132,0.04728901970745686
4.134,0.07364269483552333
4.136,0.10144230521578826
4.138,0.1269321222673829
4.14,0.14652306365757437
4.142,0.1611187862646395
4.144,0.16645806613182135
4.146,0.16341937434368503
4.148,0.15416128697652975
4.15,0.14001835188658196
4.152,0.12312934887588492
4.154,0.10786286196965794
4.156,0.09818333919269347
4.158,0.09413356558226431
4.16,0.0975765074866701
4.162,0.10923260760109327
4.164,0.12595838045327026
4.166,0.14813473159846977
4.168,0.17399662594405121
4.17,0.19981062099799515
4.172,0.22488758254371616
4.174,0.2475029385386893
4.176,0.2658633813384927
4.178,0.27822978566719336
4.18,0.2822315589869274
4.182,0.27930578738093825
4.184,0.2690961713808504
4.186,0.25264099498956144
4.188,0.23321095345327006
4.19,0.21577479660051496
4.192,0.2031989455388402
4.194,0.19939521779598757
4.196,0.20564948926324716
4.198,0.2223320029111039
4.2,0.2450647342474037
4.202,0.26930013463719116
4.204,0.2921363023284805
4.206,0.30814187623523914
4.208,0.3149903236651006
4.21,0.31175882784751185
4.212,0.29986891029896334
4.214,0.2817372555484674
4.216,0.26027560041110276
4.218,0.23739252644587996
4.22,0.214624569643623
4.222,0.1929628189930424
4.224,0.17287804394665082
4.226,0.15449238379936375
4.228,0.1358129372307628
4.23,0.11894460418987216
4.232,0.1021982492435988
4.234,0.08807505822139254
4.236,0.07611221151933859
4.238,0.06964983011931504
4.24,0.06557195076802513
4.242,0.06612758259969806
4.244,0.06887799038035826
4.246,0.07183320754400083
4.248,0.07275924494121354
4.25,0.06860326606965102
4.252,0.05894345861227394
4.254,0.043346547885788705
4.256,0.02154241728640637
4.258,-0.0036370726285113405
4.26,-0.030554892160890766
4.262,-0.056228929204205205
4.264,-0.07585720329135619
4.266,-0.08929719340723716
4.268,-0.0943931281833574
4.27,-0.09111316808776868
4.272,-0.08048379790355126
4.274,-0.06436395960498822
4.276,-0.045121781726430985
4.278,-0.026282097196598617
4.28,-0.011198517300714915
4.282,-0.000786329305396864
4.284,0.0026632505509310454
4.286,-0.00040709602349455794
4.288,-0.009792402601136686
4.29,-0.024566720561026805
4.292,-0.04319138052354456
4.294,-0.06268128057592243
4.296,-0.08182035819208343
4.298,-0.09940389870214385
4.3,-0.11148855623410477
4.302,-0.11763158028629395
4.304,-0.11708210080513708
4.306,-0.10890725984491667
4.308,-0.09402849327068288
4.31,-0.07414703924030368
4.312,-0.05355550367029621
4.314,-0.03384058209381972
4.316,-0.017520349555176847
4.318,-0.007664446063930564
4.32,-0.004567716545684894
4.322,-0.009551129859826596
4.324,-0.02092726065056695
4.326,-0.037147831776159206
4.328,-0.05609159129095699
4.33,-0.0744243498028593
4.332,-0.09094861613385075
4.334,-0.10286388351888616
4.336,-0.11091022910211662
4.338,-0.11239068825961328
4.34,-0.10913327872030823
4.342,-0.10043296202283088
4.344,-0.0860315615098175
4.346,-0.06813499926173637
4.348,-0.047428661395488646
4.35,-0.026035579784826453
4.352,-0.009352918924051884
4.354,0.0022619113384704146
4.356,0.005905313678128008
4.358,0.000566490153423499
4.36,-0.012542838015369833
4.362,-0.03188288190760434
4.364,-0.05376569059667103
4.366,-0.0758115445752031
4.368,-0.09357907745578173
4.37,-0.10622767415763909
4.372,-0.11003811194094815
4.374,-0.10668430952061943
4.376,-0.09418737142083797
4.378,-0.07660811875466417
4.38,-0.05655905807969584
4.382,-0.03668541264715278
4.384,-0.02123311988927483
4.386,-0.01177900996687803
4.388,-0.008149194987561083
4.39,-0.009489127792781339
4.392,-0.015420949084153309
4.394,-0.02421874645864211
4.396,-0.03395691192087315
4.398,-0.04461129976878624
4.4,-0.056117153775046516
4.402,-0.0684081108262471
4.404,-0.07845351059624962
4.406,-0.08731186440602198
4.408,-0.09218363591031566
4.41,-0.09447308074656086
4.412,-0.09283257905832204
4.414,-0.0872031712259676
4.416,-0.0788464125149152
4.418,-0.06737240688898762
4.42,-0.05276522795703712
4.422,-0.0373860284307111
4.424,-0.022922650178478002
4.426,-0.010260656906771111
4.428,-0.0022596000602232314
4.43,-0.0004416024071596737
4.432,-0.0056470156903855005
4.434,-0.017734287735166866
4.436,-0.03641811308655394
4.438,-0.05932099944053736
4.44,-0.08227438456203365
4.442,-0.10183843613434522
4.444,-0.115941541889277
4.446,-0.12049543347573821
4.448,-0.11484147846937283
4.45,-0.10090146451536164
4.452,-0.07898857233039364
4.454,-0.05633088933373098
4.456,-0.0334085147812609
4.458,-0.016299285794314673
4.46,-0.00616482625573174
4.462,-0.003006814529686126
4.464,-0.005707120703256733
4.466,-0.014294770197331018
4.468,-0.025315597788440992
4.47,-0.03818391807560116
4.472,-0.05240692663198867
4.474,-0.06665598801648755
4.476,-0.0797209729250813
4.478,-0.0914277315378906
4.48,-0.0986023088045226
4.482,-0.10214446393824948
4.484,-0.10019317526633031
4.486,-0.09234523704342423
4.488,-0.07883833656751982
4.49,-0.06063366938913306
4.492,-0.040368150524452744
4.494,-0.019189528820773072
4.496,0.0024735500533033497
4.498,0.02015732458125559
4.5,0.033609771019060805
4.502,0.039028393052218696
4.504,0.03432915448218263
4.506,0.019440819729416317
4.508,-0.0044173739229384865
4.51,-0.035576795042046666
4.512,-0.06700961067683525
4.514,-0.09578694868737694
4.516,-0.1138974921334078
4.518,-0.1183220670068663
4.52,-0.10508300266779588
4.522,-0.07796044498817906
4.524,-0.038574538582558125
4.526,0.004264375546448365
4.528,0.04384810962580011
4.53,0.07515218421052734
4.532,0.09324734354372721
4.534,0.09710852916726467
4.536,0.08956657074578762
4.538,0.07344032950508879
4.54,0.05617742375095011
4.542,0.039480847196162114
4.544,0.026420865085880506
4.546,0.01730126070211913
4.548,0.009271830129457093
4.55,-0.0006243296680920399
4.552,-0.011448745886385623
4.554,-0.02486800152863769
4.556,-0.0373793920395627
4.558,-0.04420383925618077
4.56,-0.04248413901426051
4.562,-0.032298507527098765
4.564,-0.013066401598365009
4.566,0.009825355875142914
4.568,0.030058098339371495
4.57,0.04368773605048824
4.572,0.047250771988837884
4.574,0.03931707108186503
4.576,0.021384031401339307
4.578,-0.004709887777160852
4.58,-0.03748697294367249
4.582,-0.07528463355402193
4.584,-0.11527790597275737
4.586,-0.15515856200233355
4.588,-0.18978578591253692
4.59,-0.21421072763733495
4.592,-0.2233341093996908
4.594,-0.21117222720660866
4.596,-0.17838183097256427
4.598,-0.12546101008468158
4.6,-0.06108336370542049
4.602,0.006762978851066947
4.604,0.06371334073637257
4.606,0.10055813025873973
4.608,0.1086043331289387
4.61,0.08616958624585083
4.612,0.037775998679316664
4.614,-0.02893387508404734
4.616,-0.10211859654186109
4.618,-0.17083529473778533
4.62,-0.22667569085736186
4.622,-0.2615818897646119
4.624,-0.27487231829862735
4.626,-0.26680747788341946
4.628,-0.23817534041376706
4.63,-0.19224817636747754
4.632,-0.13117175204173792
4.634,-0.060540723552564506
4.636,0.012300370121874318
4.638,0.07765551761480655
4.64,0.1267711481530364
4.642,0.14785849342092097
4.644,0.1353802433527585
4.646,0.08796490527179676
4.648,0.012419700005803431
4.65,-0.07843766636070496
4.652,-0.16606211927734324
4.654,-0.2312582285254664
4.656,-0.25361644227323027
4.658,-0.21794775206857223
4.66,-0.11648622478298522
4.662,0.0482478919485737
4.664,0.2640399060012455
4.666,0.5092603098287944
4.668,0.7562218374627718
4.67,0.9690354363713889
4.672,1.114207356314043
4.674,1.1587394180092323
4.676,1.0819228904768152
4.678,0.8794595874484678
4.68,0.5673591806138059
4.682,0.18435456853461651
4.684,-0.2126241642397595
4.686,-0.5622671829608051
4.688,-0.8102672021309426
4.69,-0.9208972513167843
4.692,-0.8884442125317307
4.694,-0.736911663677825
4.696,-0.511696268663124
4.698,-0.2693502773283801
4.7,-0.060619257458319586
4.702,0.07562591632609889
4.704,0.12132834951572172
4.706,0.07880577664136024
4.708,-0.032022207072336016
4.71,-0.18055453739154487
4.712,-0.333719984069389
4.714,-0.46057777765955343
4.716,-0.5399147792549047
4.718,-0.5582321545016762
4.72,-0.5163166461012204
4.722,-0.4250937015651985
4.724,-0.30164229149029864
4.726,-0.16910750611258785
4.728,-0.0469522658702102
4.73,0.0472465293781926
4.732,0.10540203507312998
4.734,0.1248348708720537
4.736,0.1103898808562127
4.738,0.07263713925244418
4.74,0.02319414521355079
4.742,-0.02754184837752625
4.744,-0.07172032787111542
4.746,-0.10278281354842878
4.748,-0.12111673143217674
4.75,-0.12843587841909537
4.752,-0.12917644408162499
4.754,-0.12655143620346004
4.756,-0.12304932152838736
4.758,-0.11696740367744547
4.76,-0.1061455639064222
4.762,-0.08653907410903734
4.764,-0.059913480569490654
4.766,-0.0258550176984879
4.768,0.010400473017984095
4.77,0.04034522567578447
4.772,0.05826731771286484
4.774,0.0611780836559157
4.776,0.04981581446178936
4.778,0.027310640818799834
4.78,0.0016553958546535843
4.782,-0.022389205032298885
4.784,-0.04108268989067927
4.786,-0.053481864831830206
4.788,-0.06194385425085623
4.79,-0.0686557058698631
4.792,-0.07592239464090149
4.794,-0.08103656872054756
4.796,-0.08130077875451021
4.798,-0.0742339611519243
4.8,-0.05445681642429064
4.802,-0.023425935957958065
4.804,0.0168124108660532
4.806,0.05726181340902063
4.808,0.08987935653640891
4.81,0.1050575721156845
4.812,0.10077241954181598
4.814,0.07557739573786523
4.816,0.03710421083846649
4.818,-0.004727883672452558
4.82,-0.042089706308509285
4.822,-0.06633121384577544
4.824,-0.07609573641021312
4.826,-0.07218642030848671
4.828,-0.05844375936146791
4.83,-0.03923452186264442
4.832,-0.019233171175544246
4.834,0.002054475622559778
4.836,0.023959683345373656
4.838,0.044851670782511927
4.84,0.06539710729016714
4.842,0.08233280835930976
4.844,0.09293933492360038
4.846,0.09401802819783059
4.848,0.08592268619585366
4.85,0.06913520511382786
4.852,0.04808072777418235
4.854,0.028197669803300813
4.856,0.013618457483172995
4.858,0.007983576501667165
4.86,0.009842750539564168
4.862,0.018850689666368995
4.864,0.03160400167177625
4.866,0.04472628007645528
4.868,0.05772051347948898
4.87,0.06925028603570459
4.872,0.08080612389974544
4.874,0.0919845054455339
4.876,0.10478926597875199
4.878,0.1183096667200177
4.88,0.1309443802985569
4.882,0.14104950855484297
4.884,0.14668337828213784
4.886,0.1490759631790236
4.888,0.1485781360440879
4.89,0.14811481120652759
4.892,0.1473936580410347
4.894,0.14826399736435628
4.896,0.15153182499381845
4.898,0.15433260639662566
4.9,0.1558879538595337
4.902,0.15626085028435285
4.904,0.15671454085921838
4.906,0.16044119040039295
4.908,0.16971107810607194
4.91,0.18777806929040325
4.912,0.21400704401359266
4.914,0.2446408730689438
4.916,0.2753697825773858
4.918,0.299539589398022
4.92,0.3125788889504133
4.922,0.31411936189745826
4.924,0.30440280242365875
4.926,0.2868534385952856
4.928,0.26799927441348503
4.93,0.25215760110879515
4.932,0.24135721604032462
4.934,0.23682422472999612
4.936,0.23910572188267584
4.938,0.24665403062457308
4.94,0.25554944910140603
4.942,0.2650527508844063
4.944,0.27181296122021703
4.946,0.2757796982327742
4.948,0.27599397020352845
4.95,0.2714864686604528
4.952,0.2624070083615064
4.954,0.2493463455848374
4.956,0.2316683907870226
4.958,0.21162795127049164
4.96,0.19111866154509352
4.962,0.17108362089161824
4.964,0.15479886882098376
4.966,0.1423311381843471
4.968,0.13144819450058923
4.97,0.1200764337670154
4.972,0.10416671372948544
4.974,0.08264787052696593
4.976,0.05606914880686167
4.978,0.02864633011098014
4.98,0.0026402218383836146
4.982,-0.01472392410344188
4.984,-0.02142869201714811
4.986,-0.017486220668374616
4.988,-0.005120234004600372
4.99,0.010756944420721748
4.992,0.023586871349126244
4.994,0.03037463223980861
4.996,0.027677116584783265
4.998,0.01511049795053585
5.0,-0.005708715610265026
5.002,-0.03167691791732352
5.004,-0.058949511483093416
5.006,-0.08468997948347994
5.008,-0.10366385245668207
5.01,-0.11363806810489108
5.012,-0.11260668713828742
5.014,-0.10090001944540038
5.016,-0.0801847911251231
5.018,-0.05531791842368177
5.02,-0.03198626388263792
5.022,-0.013108601206657782
5.024,-0.00407160258585298
5.026,-0.005956699725269899
5.028,-0.015998365774236935
5.03,-0.033475678175743415
5.032,-0.05411314726704262
5.034,-0.07392004013290918
5.036,-0.09022202689099018
5.038,-0.10057055123720365
5.04,-0.10125404558251928
5.042,-0.09527986157907584
5.044,-0.08286021881054445
5.046,-0.06963170351171921
5.048,-0.0588676236531605
5.05,-0.05293950353454597
5.052,-0.054140891892082876
5.054,-0.05984244057102823
5.056,-0.06785136148021648
5.058,-0.07479872781227603
5.06,-0.07744204084818873
5.062,-0.0778528193754613
5.064,-0.07352129938250002
5.066,-0.06546158947046254
5.068,-0.0563229137107578
5.07,-0.04446000865050367
5.072,-0.03286931953784087
5.074,-0.02487775813183542
5.076,-0.021579193318527732
5.078,-0.028136629328371035
5.08,-0.04316090262590884
5.082,-0.06544786534681023
5.084,-0.09024306038707688
5.086,-0.11105717992259542
5.088,-0.12183632745166081
5.09,-0.12013734858857923
5.092,-0.10591727164082132
5.094,-0.0816592112333333
5.096,-0.05276981915917501
5.098,-0.026429227782813106
5.1,-0.0072562221905742835
5.102,0.0017940503303382157
5.104,-9.31964116865186e-06
5.106,-0.01126605723134997
5.108,-0.02807861692999688
5.11,-0.04695930122852454
5.112,-0.06269527847052998
5.114,-0.07494585875509588
5.116,-0.08247053923775646
5.118,-0.08505391791795681
5.12,-0.08325752333182986
5.122,-0.07813482304627077
5.124,-0.07198299307350256
5.126,-0.06412724043091476
5.128,-0.05871088149077894
5.13,-0.05445822799248824
5.132,-0.0524792880343127
5.134,-0.051201544599986604
5.136,-0.049546659775386546
5.138,-0.044373923786576785
5.14,-0.03509876532988146
5.142,-0.02225454250660227
5.144,-0.007729372176394042
5.146,0.0045240844263583005
5.148,0.008323496183294666
5.15,0.0004235909636662209
5.152,-0.02139124137613969
5.154,-0.051721222387077236
5.156,-0.08579381336493931
5.158,-0.11554881076370627
5.16,-0.13328845824053243
5.162,-0.1353642741735101
5.164,-0.12132523066297222
5.166,-0.09512529400267808
5.168,-0.06330635797444724
5.17,-0.033437493666246196
5.172,-0.010342845766908509
5.174,0.003292810411692732
5.176,0.004525638217623404
5.178,-0.0031338156800605646
5.18,-0.01868071993944962
5.182,-0.036786475760193935
5.184,-0.054733199286266944
5.186,-0.07180412786950571
5.188,-0.08610942125664034
5.19,-0.09807941489872431
5.192,-0.10596382044815035
5.194,-0.10964166479410105
5.196,-0.10884052204290388
5.198,-0.10264932516251359
5.2,-0.09005016311653152
5.202,-0.07318497200774271
5.204,-0.05319939965540654
5.206,-0.03272843624041503
5.208,-0.015251183862945814
5.21,0.00039589780905401615
5.212,0.01113758840489585
5.214,0.016426236585914255
5.216,0.01784112542384561
5.218,0.011820723991293434
5.22,-0.0012174018061770753
5.222,-0.021346218263293398
5.224,-0.04838696174996766
5.226,-0.07934421312577664
5.228,-0.10841397485183941
5.23,-0.1297679967019277
5.232,-0.13699496601398659
5.234,-0.12477150591747252
5.236,-0.0931650473111712
5.238,-0.047033088641201815
5.24,0.004716365834652203
5.242,0.05183148486663255
5.244,0.08585171787538436
5.246,0.10196458482402457
5.248,0.09998078332341201
5.25,0.08515853950314829
5.252,0.061034088989164355
5.254,0.034784752901751155
5.256,0.009756179696737899
5.258,-0.011320406092410253
5.26,-0.02925539654602191
5.262,-0.04367526679936981
5.264,-0.05213064824795255
5.266,-0.05555554575033447
5.268,-0.051378232610710305
5.27,-0.03826293893541512
5.272,-0.019110706330595785
5.274,0.004205986155589911
5.276,0.027798808756804974
5.278,0.04455217933588894
5.28,0.053511366512086475
5.282,0.05032862689332065
5.284,0.0382039237858916
5.286,0.017902152875575804
5.288,-0.005150935948891439
5.29,-0.029340727586302528
5.292,-0.050268784541981235
5.294,-0.06850694501138246
5.296,-0.08635643004344498
5.298,-0.10470916295661481
5.3,-0.12649729353506609
5.302,-0.14940170700636335
5.304,-0.17143593755144373
5.306,-0.18666666021547604
5.308,-0.18891074456896975
5.31,-0.1728456402253892
5.312,-0.13680227589404542
5.314,-0.0836020969918779
5.316,-0.02212929032389842
5.318,0.03825405739978235
5.32,0.08596838395134812
5.322,0.1085121525457619
5.324,0.10220324358491586
5.326,0.06599271398167074
5.328,0.003309014246145544
5.33,-0.07587512893177471
5.332,-0.1584336351883446
5.334,-0.2316204466430429
5.336,-0.2835278665187528
5.338,-0.3063628468662429
5.34,-0.2984807227246178
5.342,-0.2591001945799907
5.344,-0.19659348866309556
5.346,-0.11919817041202195
5.348,-0.03709518928442121
5.35,0.03908343171873023
5.352,0.0970617843826179
5.354,0.1306650792161904
5.356,0.13509451711850295
5.358,0.1094847337883652
5.36,0.05972150934287537
5.362,-0.00825639269449522
5.364,-0.08228600688868906
5.366,-0.15062013355201995
5.368,-0.20224293611939506
5.37,-0.22403183163231202
5.372,-0.2031706776608946
5.374,-0.13224771410498215
5.376,-0.004243892141037178
5.378,0.17778678849097146
5.38,0.400046633335444
5.382,0.6423331039145561
5.384,0.872360072094086
5.386,1.0536371413129264
5.388,1.1507246899403591
5.39,1.1348668789828937
5.392,0.9923705323500117
5.394,0.7288999753928948
5.396,0.3752320111479906
5.398,-0.02013661800919211
5.4,-0.3980025686580294
5.402,-0.6975317548953234
5.404,-0.8741996746994144
5.406,-0.9083440024421521
5.408,-0.809675351873951
5.41,-0.6131239864436817
5.412,-0.3695954169610507
5.414,-0.1342138340908518
5.416,0.045812365687804515
5.418,0.14158757381112655
5.42,0.14161636988907872
5.422,0.05791648803592655
5.424,-0.0845583162236512
5.426,-0.2510660863408906
5.428,-0.40523582296993615
5.43,-0.5166169526642022
5.432,-0.5663173247211097
5.434,-0.5479883654051496
5.436,-0.46906841079875544
5.438,-0.3497748774215367
5.44,-0.21274151764782462
5.442,-0.08338644306941469
5.444,0.019996300481664238
5.446,0.08667550075428349
5.448,0.11312445459699312
5.45,0.10797681644561415
5.452,0.08077328615868742
5.454,0.04424584620612808
5.456,0.007898709120035059
5.458,-0.023492865459942645
5.46,-0.048171185333382265
5.462,-0.07056662355458079
5.464,-0.09277094862062542
5.466,-0.1159523505094476
5.468,-0.14032052457894517
5.47,-0.16004252244383899
5.472,-0.16917740458367148
5.474,-0.16231565934384706
5.476,-0.1343620184090915
5.478,-0.08883410104174139
5.48,-0.02917361654481373
5.482,0.03408760527557502
5.484,0.08912988994262411
5.486,0.12510425624257404
5.488,0.13620453158313636
5.49,0.11896606980935745
5.492,0.08046415664575696
5.494,0.02839533578448116
5.496,-0.02662149305022763
5.498,-0.07601956041844862
5.5,-0.1109860411329635
5.502,-0.1305049508709641
5.504,-0.13257388025281513
5.506,-0.12172069169737781
5.508,-0.09908960528369119
5.51,-0.0704665538884355
5.512,-0.03850674883176679
5.514,-0.005316648478614034
5.516,0.02463964747372297
5.518,0.049450476134980395
5.52,0.06663873202273275
5.522,0.07613908421216975
5.524,0.07538255128849436
5.526,0.06743402138837562
5.528,0.054059258225937636
5.53,0.03865349135300937
5.532,0.02201059021687617
5.534,0.005012669239186435
5.536,-0.011644314767644765
5.538,-0.02957635428121473
5.54,-0.0466391725713684
5.542,-0.06072408412004188
5.544,-0.07055298197128182
5.546,-0.07163624104929088
5.548,-0.061515794362367746
5.55,-0.04028316124150395
5.552,-0.007233130856965544
5.554,0.03258237608763228
5.556,0.07417879523901899
5.558,0.11201471294803997
5.56,0.14094276692382837
5.562,0.154554881213799
5.564,0.1495878562989978
5.566,0.12497897539202701
5.568,0.0862362374870281
5.57,0.036945681879813494
5.572,-0.01149550128813791
5.574,-0.050648128860920925
5.576,-0.07184377629197218
5.578,-0.06959814181876299
5.58,-0.04427714981284648
5.582,-0.0008743928590516275
5.584,0.05400546786241365
5.586,0.10866517013389451
5.588,0.1539548411949463
5.59,0.18363825926100363
5.592,0.1952090888693235
5.594,0.19003656992105386
5.596,0.17289046632607374
5.598,0.1510298143907161
5.6,0.12810997861382176
5.602,0.11018050709203835
5.604,0.09996914177677768
5.606,0.09858359113807952
5.608,0.10264067738501977
5.61,0.11175162774624015
5.612,0.12219457756903096
5.614,0.13459692369583057
5.616,0.14541886717190375
5.618,0.1571172396200452
5.62,0.16991378772580787
5.622,0.18624315364305588
5.624,0.2070299700559298
5.626,0.2320326242622255
5.628,0.25848525524833776
5.63,0.2852077303640699
5.632,0.3052074448117641
5.634,0.31566629466867835
5.636,0.3130345501419174
5.638,0.2959214820044377
5.64,0.2694889830336741
5.642,0.23717884821944335
5.644,0.20581708595166417
5.646,0.18129931069474992
5.648,0.16921316463339606
5.65,0.17176617725301416
5.652,0.1873095544897829
5.654,0.2145737811886945
5.656,0.24651976445818197
5.658,0.2765640973265203
5.66,0.29882887782489703
5.662,0.30710107040383167
5.664,0.30029841725052253
5.666,0.28038305365134425
5.668,0.250828568232244
5.67,0.2178435876259449
5.672,0.18557661887765742
5.674,0.15850010328940944
5.676,0.13607206663940685
5.678,0.11870197443037982
5.68,0.10495102844843068
5.682,0.09187681643045208
5.684,0.0804194994672305
5.686,0.06772989289417816
5.688,0.057393530863670154
5.69,0.046487734634475066
5.692,0.03848944566625149
5.694,0.032023100574684646
5.696,0.02852904819973694
5.698,0.026922662417477594
5.7,0.02736728672636447
5.702,0.027252809437711144
5.704,0.026446832151696253
5.706,0.022786492280331923
5.708,0.013711043664335829
5.71,-0.00014606232538608326
5.712,-0.019610097950941912
5.714,-0.041003633012200155
5.716,-0.061629787008388975
5.718,-0.07759889871859478
5.72,-0.08479468446679551
5.722,-0.08170689864943896
5.724,-0.06787727215110004
5.726,-0.04781976444821992
5.728,-0.024415479777403864
5.73,-0.003960159057621642
5.732,0.006879203773270651
5.734,0.006907898286816929
5.736,-0.004178715770089031
5.738,-0.024879148478050474
5.74,-0.049409685668876754
5.742,-0.07149083012098514
5.744,-0.0881585538703915
5.746,-0.0953849605884076
5.748,-0.09439119862971608
5.75,-0.08661724908911275
5.752,-0.07543017958178387
5.754,-0.06268736200649214
5.756,-0.051289521508565666
5.758,-0.04181162415511652
5.76,-0.03526496540823683
5.762,-0.032988556847282656
5.764,-0.03465088823229001
5.766,-0.04134396765314235
5.768,-0.050747165773962946
5.77,-0.0623615712058027
5.772,-0.07278559975102791
5.774,-0.07900672130510174
5.776,-0.07964695356674908
5.778,-0.07309644454255058
5.78,-0.061488780846533114
5.782,-0.04949612576462519
5.784,-0.03797854810333215
5.786,-0.03057825808289416
5.788,-0.028347567549422116
5.79,-0.030516848036698234
5.792,-0.037456845537341084
5.794,-0.04583020114260057
5.796,-0.05589158360666973
5.798,-0.06483558704781572
5.8,-0.07212004410702218
5.802,-0.07769030705187557
5.804,-0.0800849834869595
5.806,-0.07843863601528515
5.808,-0.07241152060876846
5.81,-0.06408208075805756
5.812,-0.053815297905802834
5.814,-0.04311472285827333
5.816,-0.03444486278647775
5.818,-0.028025975912051353
5.82,-0.02563171518145371
5.822,-0.028429278075521466
5.824,-0.03392085170033327
5.826,-0.04203172211683388
5.828,-0.05133283090419834
5.83,-0.0603551857143622
5.832,-0.06690026182739787
5.834,-0.07224943861421301
5.836,-0.07619350811917275
5.838,-0.0788847680842632
5.84,-0.0805730552694848
5.842,-0.08034680758233179
5.844,-0.07700943441079272
5.846,-0.07117181232464642
5.848,-0.061549115301014354
5.85,-0.04836383162608604
5.852,-0.03267546206344495
5.854,-0.01646377910368331
5.856,-0.0033599957194302933
5.858,0.005958612610009586
5.86,0.007546454976405214
5.862,-0.0010951804918910507
5.864,-0.019632141080708234
5.866,-0.044011609083786866
5.868,-0.07009431095303913
5.87,-0.090637930847171
5.872,-0.10235198798632668
5.874,-0.1026891603192211
5.876,-0.09314004752802574
5.878,-0.07694810241783717
5.88,-0.05936796815593814
5.882,-0.042731138564227486
5.884,-0.030645917569393173
5.886,-0.021569742874424293
5.888,-0.015858987067368838
5.89,-0.013186517314088209
5.892,-0.012098189270091708
5.894,-0.013435308299247651
5.896,-0.019421752239232898
5.898,-0.030380468707268807
5.9,-0.04622203824655525
5.902,-0.06595558572326628
5.904,-0.0854835182004158
5.906,-0.10183946126765572
5.908,-0.11183860714059068
5.91,-0.1139456851179318
5.912,-0.10705502706022571
5.914,-0.09190049226670952
5.916,-0.07293713735504999
5.918,-0.05072225502500438
5.92,-0.030020495328594084
5.922,-0.013917410255397607
5.924,-0.0032301032212529463
5.926,-0.0003639321944833994
5.928,-0.004582541865957853
5.93,-0.013526695793585303
5.932,-0.025740860889313613
5.934,-0.04000599581199208
5.936,-0.05439775483970626
5.938,-0.06812600206792696
5.94,-0.08130126609063022
5.942,-0.09379096522364244
5.944,-0.10326164383741561
5.946,-0.1094008922071682
5.948,-0.1092081211595961
5.95,-0.1042344676827589
5.952,-0.09266613080312087
5.954,-0.07526808602119925
5.956,-0.05325804889775902
5.958,-0.0282272538792299
5.96,-0.0011675077945477567
5.962,0.025436068746903812
5.964,0.04659400958756347
5.966,0.05906508281792266
5.968,0.05697130268411259
5.97,0.03972767060245575
5.972,0.008014275643796311
5.974,-0.035590929624483014
5.976,-0.08269925230809909
5.978,-0.12411955983906409
5.98,-0.1496604175893105
5.982,-0.15228431421249874
5.984,-0.12995331899173063
5.986,-0.08452193403554512
5.988,-0.02629583763369283
5.99,0.03471447959668924
5.992,0.08534361166940621
5.994,0.11585572940436682
5.996,0.12474886109316555
5.998,0.11323091123562305
6.0,0.0882977663157069
6.002,0.057808969268254254
6.004,0.029299234059569516
6.006,0.006295710951959633
6.008,-0.008331189196961204
6.01,-0.01690881157807177
6.012,-0.02174603602082532
6.014,-0.024801478266931555
6.016,-0.02585809227558716
6.018,-0.02356002315203797
6.02,-0.01624958015611067
6.022,-0.003171795955870897
6.024,0.013556310755258467
6.026,0.03071382495606831
6.028,0.045649039064471104
6.03,0.052616198066489046
6.032,0.051242320262345445
6.034,0.04149776803889489
6.036,0.024774819472568706
6.038,0.0050498843982321896
6.04,-0.016494290203648326
6.042,-0.03675786097137818
6.044,-0.05534991303540336
6.046,-0.07525090033944135
6.048,-0.0956486730047399
6.05,-0.11948537217446352
6.052,-0.1443887443686651
6.054,-0.1665720420018557
6.056,-0.17888315881593747
6.058,-0.17573013863754217
6.06,-0.1522178432222288
6.062,-0.10871728602668615
6.064,-0.050250252649900004
6.066,0.012511762741762899
6.068,0.0683666564114352
6.07,0.1041732647514288
6.072,0.11316318420812081
6.074,0.09134400030547025
6.076,0.04172672139838958
6.078,-0.026526833680376487
6.08,-0.10365129850160602
6.082,-0.17603196129680632
6.084,-0.23378753944097616
6.086,-0.2669713163590433
6.088,-0.27339285301234767
6.09,-0.25112402702100006
6.092,-0.20476245784642377
6.094,-0.14040048019010237
6.096,-0.0681983355733469
6.098,0.0015453329734365579
6.1,0.061797121308759605
6.102,0.10145369375973166
6.104,0.1169300986462552
6.106,0.10526812197630507
6.108,0.07053463024732778
6.11,0.01749031166698396
6.112,-0.04521298638429873
6.114,-0.10594003974314785
6.116,-0.15277359813002062
6.118,-0.17193451490121392
6.12,-0.15415586896056493
6.122,-0.08842158066821533
6.124,0.02953715162631872
6.126,0.19694650035941025
6.128,0.40333387103494345
6.13,0.6294179081354897
6.132,0.848643739098843
6.134,1.0282134269956094
6.136,1.130783573491709
6.138,1.12607915909719
6.14,0.9988075970644049
6.142,0.7498310433787537
6.144,0.40778074027226113
6.146,0.019136074945426566
6.148,-0.35288175379548425
6.15,-0.6489814236291608
6.152,-0.8235031446678922
6.154,-0.8585034355864468
6.156,-0.7652326893930176
6.158,-0.5813202956435051
6.16,-0.3584707030692447
6.162,-0.15171464498342632
6.164,-0.002839926115837886
6.166,0.06456029539607665
6.168,0.04788352446192145
6.17,-0.03614082878289628
6.172,-0.15966213209757624
6.174,-0.2917566458783108
6.176,-0.4013738935591914
6.178,-0.46958748153980123
6.18,-0.484234129291918
6.182,-0.44685887213146736
6.184,-0.36750398430556164
6.186,-0.26326263243776504
6.188,-0.1545533782827067
6.19,-0.05789302267513433
6.192,0.0133353650238449
6.194,0.053926227007189534
6.196,0.06573190260545775
6.198,0.05558617055164302
6.2,0.03260132375676419
6.202,0.007260786807938372
6.204,-0.015239795892241732
6.206,-0.032988231355621775
6.208,-0.04645199806819107
6.21,-0.059695236897781806
6.212,-0.0760232210832674
6.214,-0.0945877469903546
6.216,-0.11553399159522217
6.218,-0.1320817631580983
6.22,-0.1386172190377092
6.222,-0.12843399912680925
6.224,-0.10248937515037275
6.226,-0.06244542908374072
6.228,-0.015513181085528287
6.23,0.027978812233426267
6.232,0.05886808728219156
6.234,0.07252275990852045
6.236,0.06544841706268974
6.238,0.04356997649130559
6.24,0.014079347931535164
6.242,-0.01570149425419636
6.244,-0.038648909898394423
6.246,-0.05151254904107489
6.248,-0.05636572502357201
6.25,-0.056757347354145074
6.252,-0.05500816561708284
6.254,-0.05641412421209532
6.256,-0.059107725920033764
6.258,-0.06105289117578891
6.26,-0.057127745369978854
6.262,-0.04481481311946127
6.264,-0.023748935709333403
6.266,0.004552797747824234
6.268,0.03311627614287898
6.27,0.05496410250438692
6.272,0.06704572962730365
6.274,0.06390845192549818
6.276,0.048504873160771546
6.278,0.024844281216164943
6.28,-0.002328196808083906
6.282,-0.02630637732728476
6.284,-0.04200287494419513
6.286,-0.04880612668888914
6.288,-0.04550411107635891
6.29,-0.0354477434960871
6.292,-0.022372348622268147
6.294,-0.008384348234880767
6.296,0.0035217755960131316
6.298,0.015327224877922369
6.3,0.026397670640815066
6.302,0.03679604107798703
6.304,0.04883759999589606
6.306,0.059081596477448206
6.308,0.0677577243852041
6.31,0.07140253599262741
6.312,0.06944057117886307
6.314,0.061463019239997564
6.316,0.05012298149192909
6.318,0.03571247391281378
6.32,0.02361714220082578
6.322,0.014829947810930858
6.324,0.011671260936499674
6.326,0.014718252433493935
6.328,0.023877067671244815
6.33,0.03749009042451046
6.332,0.05541522495238051
6.334,0.07407689578810192
6.336,0.0925675174925245
6.338,0.108861635231725
6.34,0.12117146973914919
6.342,0.12836963089212367
6.344,0.13033306250383506
6.346,0.1290480621522
6.348,0.12537931374961472
6.35,0.12154157693508061
6.352,0.12143501462903407
6.354,0.1230832110472007
6.356,0.12841011425957985
6.358,0.13643720719943755
6.36,0.14384389568145411
6.362,0.1506641145114288
6.364,0.1558168198321162
6.366,0.16024118031063767
6.368,0.1665477163693921
6.37,0.17630408253491106
6.372,0.19023710911865666
6.374,0.20868055820916098
6.376,0.22951757991866154
6.378,0.2486869994963209
6.38,0.2621018267616034
6.382,0.2676641032379021
6.384,0.2640122158403666
6.386,0.25373232043769
6.388,0.23894359562811593
6.39,0.22640290513712816
6.392,0.21841552523696922
6.394,0.2179239810791489
6.396,0.22504499876585093
6.398,0.23618011254441185
6.4,0.24962728358400263
6.402,0.2604546956513012
6.404,0.2673575265421985
6.406,0.266227346474152
6.408,0.2593112675528045
6.41,0.2479463474673686
6.412,0.23401236959842106
6.414,0.22029148660947867
6.416,0.2089270691997303
6.418,0.2011204869259664
6.42,0.19511804695710772
6.422,0.18846479855054551
6.424,0.17843594260294338
6.426,0.16453335322627052
6.428,0.1459257273682649
6.43,0.12173714195446181
6.432,0.09611607022096177
6.434,0.07004622612051226
6.436,0.04693719846751032
6.438,0.031057448031953795
6.44,0.021933638360866058
6.442,0.019873856583949405
6.444,0.024744453470031416
6.446,0.03309486641494652
6.448,0.041642569640842904
6.45,0.04702053574412743
6.452,0.04561293450208605
6.454,0.03426061183486018
6.456,0.013636807188363593
6.458,-0.012832891552809667
6.46,-0.04050597560028372
6.462,-0.06438856860583517
6.464,-0.08011122161648625
6.466,-0.08575947913127012
6.468,-0.08033701946386877
6.47,-0.06574399991390492
6.472,-0.047278023546244476
6.474,-0.029794125125228145
6.476,-0.017754236110192
6.478,-0.013411618420603236
6.48,-0.018336857664490423
6.482,-0.030384848613731866
6.484,-0.046089609708217495
6.486,-0.06135197336315184
6.488,-0.07422293337858359
6.49,-0.07956828843751328
6.492,-0.0794707336768298
6.494,-0.07327999922808331
6.496,-0.06336526564570984
6.498,-0.05266753056260391
6.5,-0.04220440230129498
6.502,-0.03366349704819563
6.504,-0.02815869490538485
6.506,-0.027163770049563035
6.508,-0.03057455479631907
6.51,-0.03783230695980095
6.512,-0.04804643934694609
6.514,-0.059093797147253276
6.516,-0.07071441759482064
6.518,-0.07863341211128053
6.52,-0.08274917909992421
6.522,-0.08035880244415149
6.524,-0.07438054742224873
6.526,-0.06446768582612612
6.528,-0.05295513764216511
6.53,-0.042597557254739765
6.532,-0.03515153657073971
6.534,-0.030918445532769644
6.536,-0.03139730147869902
6.538,-0.03616595993801233
6.54,-0.043043441828159744
6.542,-0.049479221940452844
6.544,-0.05603272523184307
6.546,-0.05976598776660746
6.548,-0.06142868714780313
6.55,-0.061374353752949175
6.552,-0.060277406210183335
6.554,-0.057785241119680704
6.556,-0.05526393805972209
6.558,-0.05273443772268768
6.56,-0.049010542545912
6.562,-0.0459482986513255
6.564,-0.042655561280044635
6.566,-0.04155058534540128
6.568,-0.04121154168952209
6.57,-0.04309607393547053
6.572,-0.0452574437230691
6.574,-0.04922800488986779
6.576,-0.051142473869713934
6.578,-0.052095050926600495
6.58,-0.050566315590042085
6.582,-0.04773909232171475
6.584,-0.044524102723735255
6.586,-0.0432517261794234
6.588,-0.04312238581203015
6.59,-0.046643867455047935
6.592,-0.052289167625887825
6.594,-0.05755922935831926
6.596,-0.062454855763335516
6.598,-0.06418785534825037
6.6,-0.06086407472977661
6.602,-0.054855380511812046
6.604,-0.04569630640835256
6.606,-0.0365517041613218
6.608,-0.03045380647041669
6.61,-0.028621437317707325
6.612,-0.030129530806978333
6.614,-0.03404671840040345
6.616,-0.037953828562858234
6.618,-0.0426039981540939
6.62,-0.045417690080763365
6.622,-0.048613332949113866
6.624,-0.050917547102311306
6.626,-0.05502886959658976
6.628,-0.060090281812780526
6.63,-0.0654507550128495
6.632,-0.06883629238660084
6.634,-0.06886963348452702
6.636,-0.06669960385950686
6.638,-0.06144025826187904
6.64,-0.055211068049419255
6.642,-0.048732735967893175
6.644,-0.04366009662384612
6.646,-0.04094842055325644
6.648,-0.039550292697224675
6.65,-0.03859147763427934
6.652,-0.036945454998814194
6.654,-0.035937446468668824
6.656,-0.034824031346038724
6.658,-0.0367977399798501
6.66,-0.04245678249951156
6.662,-0.052956943050261156
6.664,-0.06620974415519486
6.666,-0.0825192087063699
6.668,-0.095860420941989
6.67,-0.10276453302722992
6.672,-0.10147811208464545
6.674,-0.09095256865682953
6.676,-0.07327154321919196
6.678,-0.05234286378968816
6.68,-0.03198626836985868
6.682,-0.016789724598539144
