'sample #','MLII','V1'
0,938,916
1,938,916
2,938,916
3,938,916
4,938,916
5,938,916
6,938,916
7,938,916
8,934,914
9,932,917
10,931,919
11,932,918
12,932,923
13,935,922
14,935,922
15,933,923
16,930,921
17,930,920
18,931,916
19,929,918
20,928,917
21,928,920
22,930,919
23,931,920
24,930,921
25,932,921
26,935,922
27,933,922
28,931,921
29,932,920
30,930,915
31,931,916
32,929,917
33,928,918
34,932,917
35,934,921
36,935,921
37,936,922
38,937,921
39,938,919
40,936,917
41,935,916
42,934,915
43,936,914
44,935,914
45,931,916
46,935,917
47,937,916
48,938,921
49,938,921
50,939,919
51,939,919
52,939,917
53,940,914
54,936,915
55,934,912
56,936,914
57,936,913
58,937,914
59,940,915
60,941,916
61,941,917
62,942,917
63,944,914
64,943,914
65,941,911
66,941,912
67,939,911
68,939,911
69,939,910
70,942,911
71,942,914
72,944,914
73,946,915
74,946,913
75,945,912
76,945,910
77,945,909
78,943,907
79,942,907
80,943,905
81,943,908
82,944,909
83,945,908
84,947,910
85,950,911
86,951,909
87,953,909
88,951,905
89,953,905
90,953,901
91,952,903
92,952,901
93,952,901
94,955,903
95,958,905
96,959,906
97,962,906
98,962,904
99,964,906
100,961,902
101,960,903
102,959,898
103,958,902
104,956,902
105,953,902
106,954,905
107,953,907
108,953,909
109,953,911
110,953,908
111,952,912
112,950,911
113,946,909
114,946,906
115,943,911
116,941,911
117,940,912
118,940,915
119,939,915
120,941,916
121,940,917
122,940,917
123,942,917
124,941,917
125,939,915
126,937,915
127,936,913
128,936,914
129,936,915
130,935,914
131,937,918
132,935,919
133,937,920
134,940,921
135,937,920
136,935,918
137,935,918
138,934,915
139,932,914
140,933,915
141,932,917
142,934,918
143,933,919
144,935,922
145,936,921
146,936,923
147,937,922
148,935,920
149,933,917
150,932,917
151,932,917
152,930,917
153,929,917
154,929,918
155,930,919
156,932,922
157,934,921
158,931,921
159,935,919
160,934,919
161,934,917
162,931,915
163,931,915
164,930,918
165,929,918
166,932,918
167,933,920
168,937,921
169,939,922
170,943,924
171,944,923
172,944,922
173,942,920
174,941,920
175,942,920
176,941,920
177,942,920
178,945,921
179,947,922
180,951,920
181,955,920
182,953,916
183,950,912
184,947,910
185,942,907
186,937,908
187,938,909
188,937,910
189,934,913
190,938,912
191,938,912
192,937,915
193,937,917
194,938,918
195,934,918
196,933,917
197,930,916
198,926,918
199,921,917
200,920,918
201,920,919
202,921,920
203,920,921
204,922,922
205,923,924
206,926,923
207,926,923
208,924,923
209,925,920
210,923,918
211,919,917
212,923,917
213,922,918
214,924,921
215,924,921
216,922,925
217,919,924
218,914,926
219,913,926
220,915,925
221,924,921
222,940,916
223,961,906
224,991,899
225,1024,888
226,1068,877
227,1110,871
228,1148,868
229,1171,873
230,1168,876
231,1138,886
232,1088,897
233,1027,912
234,974,923
235,938,930
236,921,933
237,922,929
238,934,922
239,945,917
240,952,915
241,958,912
242,955,914
243,950,917
244,940,918
245,936,920
246,930,918
247,928,917
248,927,920
249,928,921
250,931,921
251,929,922
252,931,924
253,930,926
254,930,925
255,930,924
256,931,923
257,929,922
258,928,919
259,927,920
260,926,919
261,928,923
262,927,923
263,929,924
264,931,924
265,932,927
266,933,926
267,933,925
268,932,922
269,932,921
270,930,920
271,929,920
272,930,920
273,930,922
274,930,922
275,931,924
276,930,923
277,932,924
278,933,924
279,933,923
280,931,924
281,931,921
282,928,919
283,928,918
284,926,920
285,929,920
286,931,921
287,933,921
288,933,921
289,935,921
290,934,921
291,936,920
292,936,919
293,936,917
294,935,915
295,933,916
296,933,916
297,933,917
298,933,915
299,936,915
300,936,917
301,939,918
302,940,918
303,941,916
304,940,913
305,939,913
306,936,912
307,935,911
308,935,912
309,932,912
310,934,910
311,936,913
312,939,914
313,943,916
314,942,915
315,941,916
316,941,911
317,943,912
318,939,910
319,940,908
320,941,909
321,944,907
322,948,910
323,950,907
324,952,908
325,953,909
326,955,909
327,956,909
328,956,907
329,956,904
330,955,905
331,956,904
332,954,904
333,954,905
334,954,906
335,955,906
336,955,910
337,959,911
338,958,910
339,957,912
340,956,910
341,952,910
342,948,907
343,947,907
344,943,909
345,942,911
346,944,912
347,941,914
348,943,916
349,942,916
350,943,917
351,942,919
352,941,917
353,942,916
354,940,915
355,937,914
356,936,915
357,934,916
358,933,918
359,934,920
360,935,922
361,936,924
362,936,923
363,937,923
364,936,920
365,935,920
366,935,918
367,933,918
368,931,917
369,932,917
370,932,921
371,934,921
372,935,923
373,936,925
374,934,925
375,936,924
376,936,923
377,935,921
378,934,920
379,933,918
380,931,917
381,932,919
382,932,921
383,931,921
384,933,925
385,932,925
386,932,923
387,934,924
388,932,922
389,930,922
390,928,921
391,927,919
392,928,918
393,927,921
394,926,922
395,928,924
396,930,926
397,931,925
398,930,925
399,931,927
400,931,925
401,930,924
402,931,923
403,930,922
404,930,921
405,931,922
406,934,924
407,936,926
408,938,928
409,941,930
410,942,930
411,943,930
412,942,929
413,943,929
414,943,926
415,944,925
416,944,925
417,946,924
418,947,921
419,947,919
420,945,921
421,942,918
422,941,919
423,938,921
424,938,917
425,937,918
426,935,917
427,933,917
428,934,918
429,933,918
430,935,920
431,936,922
432,934,923
433,935,925
434,930,926
435,926,924
436,924,927
437,920,927
438,918,924
439,918,924
440,918,923
441,918,924
442,919,926
443,921,926
444,922,929
445,924,929
446,924,927
447,924,927
448,923,927
449,922,924
450,922,924
451,921,923
452,919,922
453,918,924
454,914,926
455,910,926
456,909,929
457,912,931
458,923,927
459,942,922
460,969,914
461,1002,903
462,1043,892
463,1085,877
464,1131,869
465,1168,868
466,1185,871
467,1174,881
468,1137,894
469,1081,912
470,1022,928
471,972,939
472,939,944
473,924,945
474,926,937
475,934,928
476,941,921
477,944,915
478,947,915
479,946,916
480,944,920
481,940,925
482,935,926
483,931,927
484,930,923
485,927,923
486,924,922
487,924,920
488,922,923
489,925,924
490,928,925
491,928,926
492,929,928
493,927,929
494,928,930
495,930,929
496,929,929
497,925,925
498,923,925
499,923,925
500,921,926
501,922,927
502,924,925
503,927,929
504,927,930
505,930,931
506,929,931
507,929,929
508,928,926
509,927,924
510,927,923
511,927,923
512,926,923
513,925,922
514,926,926
515,927,925
516,930,927
517,931,927
518,930,926
519,933,925
520,933,925
521,932,923
522,930,921
523,931,919
524,929,921
525,929,921
526,927,921
527,928,923
528,929,923
529,933,924
530,936,924
531,937,922
532,939,922
533,937,920
534,937,919
535,934,920
536,933,918
537,932,917
538,933,919
539,932,920
540,933,920
541,933,922
542,934,923
543,937,920
544,938,919
545,937,916
546,937,915
547,935,912
548,935,914
549,934,914
550,935,914
551,936,916
552,937,916
553,936,918
554,937,917
555,940,918
556,939,913
557,937,911
558,938,910
559,937,908
560,939,908
561,942,908
562,947,909
563,949,911
564,952,910
565,955,911
566,956,911
567,956,911
568,954,908
569,955,909
570,952,906
571,951,906
572,950,907
573,947,906
574,948,909
575,951,909
576,950,912
577,951,913
578,950,915
579,949,913
580,946,913
581,944,914
582,941,912
583,940,912
584,939,914
585,938,914
586,938,917
587,937,919
588,939,920
589,940,920
590,938,919
591,935,921
592,935,922
593,934,921
594,934,921
595,933,921
596,931,922
597,931,922
598,933,923
599,932,922
600,933,927
601,936,927
602,934,926
603,936,927
604,935,925
605,932,923
606,932,922
607,929,921
608,930,922
609,928,923
610,929,924
611,930,926
612,931,929
613,932,928
614,932,930
615,932,931
616,930,926
617,930,926
618,928,924
619,924,923
620,922,922
621,920,924
622,922,926
623,926,928
624,928,928
625,931,930
626,931,929
627,931,929
628,931,927
629,926,928
630,926,926
631,924,923
632,925,925
633,926,924
634,927,929
635,928,930
636,929,929
637,930,930
638,928,932
639,929,929
640,928,931
641,925,928
642,926,929
643,923,928
644,926,927
645,926,929
646,930,932
647,931,933
648,933,934
649,934,938
650,935,936
651,936,935
652,938,935
653,937,935
654,938,930
655,941,928
656,941,927
657,940,928
658,942,927
659,940,927
660,938,927
661,938,927
662,936,924
663,937,926
664,933,924
665,935,926
666,935,922
667,931,921
668,929,924
669,926,923
670,926,924
671,925,929
672,926,929
673,927,930
674,926,932
675,924,933
676,924,932
677,921,932
678,920,931
679,917,928
680,916,929
681,915,931
682,916,931
683,918,933
684,917,934
685,918,938
686,920,934
687,921,933
688,923,932
689,920,931
690,919,927
691,918,928
692,916,926
693,916,931
694,914,930
695,912,930
696,909,934
697,908,932
698,913,932
699,928,931
700,952,924
701,981,918
702,1018,909
703,1063,897
704,1112,888
705,1154,886
706,1184,886
707,1188,893
708,1162,903
709,1110,918
710,1045,930
711,981,940
712,935,948
713,913,953
714,908,948
715,918,944
716,927,937
717,935,931
718,938,927
719,940,927
720,939,926
721,938,930
722,935,931
723,932,931
724,929,932
725,927,930
726,924,929
727,923,928
728,922,927
729,921,929
730,920,928
731,922,930
732,923,931
733,924,935
734,925,934
735,925,932
736,925,931
737,924,929
738,923,930
739,922,926
740,923,926
741,921,926
742,919,929
743,921,931
744,922,932
745,922,934
746,924,932
747,926,931
748,924,931
749,924,930
750,925,926
751,922,926
752,924,925
753,923,924
754,925,928
755,925,929
756,925,930
757,927,933
758,929,933
759,929,930
760,929,929
761,928,927
762,930,924
763,928,925
764,927,923
765,928,923
766,925,926
767,925,926
768,929,927
769,930,929
770,930,927
771,933,927
772,932,924
773,933,923
774,933,921
775,930,920
776,929,919
777,929,920
778,930,920
779,930,922
780,931,923
781,933,923
782,933,921
783,931,921
784,934,921
785,932,918
786,930,915
787,930,914
788,929,916
789,929,916
790,930,918
791,930,919
792,933,920
793,933,921
794,936,919
795,937,919
796,938,917
797,937,913
798,938,912
799,939,911
800,939,910
801,939,911
802,941,912
803,944,914
804,948,916
805,948,916
806,950,915
807,951,916
808,950,915
809,949,915
810,949,911
811,947,910
812,947,912
813,945,912
814,943,915
815,945,917
816,944,919
817,945,920
818,944,922
819,943,920
820,942,920
821,941,919
822,939,919
823,934,919
824,934,920
825,932,922
826,931,922
827,934,924
828,934,923
829,934,927
830,933,925
831,934,925
832,935,926
833,932,926
834,930,924
835,930,923
836,929,922
837,930,925
838,929,925
839,931,925
840,931,928
841,933,929
842,933,931
843,931,930
844,933,929
845,931,927
846,932,924
847,928,926
848,925,922
849,928,926
850,927,926
851,929,929
852,929,931
853,931,931
854,930,930
855,930,931
856,931,927
857,928,926
858,927,926
859,926,926
860,923,925
861,924,927
862,924,929
863,926,928
864,928,932
865,928,932
866,927,933
867,929,931
868,929,929
869,925,929
870,927,928
871,923,927
872,925,926
873,923,927
874,925,926
875,924,929
876,926,930
877,928,934
878,929,933
879,931,930
880,932,931
881,932,928
882,932,927
883,933,927
884,933,930
885,933,928
886,935,930
887,936,932
888,938,935
889,940,935
890,941,935
891,944,933
892,946,932
893,949,928
894,949,925
895,947,921
896,942,920
897,939,922
898,936,920
899,935,923
900,937,923
901,936,924
902,937,925
903,937,924
904,936,923
905,935,922
906,934,920
907,932,921
908,928,921
909,927,922
910,925,924
911,923,927
912,923,929
913,921,930
914,920,932
915,920,931
916,922,929
917,921,929
918,919,926
919,920,926
920,919,924
921,918,926
922,919,927
923,921,929
924,921,930
925,924,932
926,922,931
927,922,931
928,923,930
929,923,927
930,921,925
931,918,924
932,913,924
933,909,926
934,905,928
935,907,931
936,919,928
937,936,929
938,960,922
939,990,914
940,1025,906
941,1067,897
942,1105,890
943,1142,885
944,1167,886
945,1169,890
946,1149,897
947,1108,905
948,1054,917
949,1001,926
950,956,934
951,930,937
952,921,939
953,925,931
954,934,927
955,942,921
956,946,917
957,947,915
958,947,917
959,946,919
960,942,923
961,939,925
962,938,927
963,935,926
964,933,926
965,932,925
966,930,922
967,927,924
968,929,922
969,927,922
970,926,922
971,927,926
972,928,927
973,930,927
974,929,929
975,930,927
976,931,929
977,929,926
978,930,923
979,926,924
980,928,923
981,926,922
982,928,926
983,929,927
984,931,927
985,932,928
986,931,928
987,934,928
988,933,926
989,932,925
990,931,924
991,930,924
992,929,922
993,930,921
994,931,923
995,933,925
996,934,925
997,935,927
998,936,928
999,937,926
1000,936,922
1001,934,921
1002,933,920
1003,931,918
1004,930,920
1005,932,920
1006,934,920
1007,937,922
1008,939,924
1009,940,924
1010,939,922
1011,939,923
1012,939,921
1013,938,920
1014,936,917
1015,937,917
1016,936,918
1017,936,918
1018,938,919
1019,940,918
1020,940,920
1021,943,923
1022,944,918
1023,943,919
1024,942,916
1025,941,916
1026,940,913
1027,939,914
1028,939,915
1029,940,915
1030,939,916
1031,941,918
1032,943,918
1033,945,917
1034,944,917
1035,944,917
1036,943,915
1037,943,911
1038,943,910
1039,942,911
1040,942,911
1041,944,910
1042,947,911
1043,951,913
1044,953,913
1045,954,914
1046,956,911
1047,959,913
1048,958,911
1049,958,908
1050,956,906
1051,956,906
1052,956,907
1053,957,907
1054,957,909
1055,956,909
1056,957,913
1057,958,913
1058,957,914
1059,956,913
1060,954,912
1061,952,911
1062,950,913
1063,947,910
1064,944,913
1065,945,914
1066,945,914
1067,945,919
1068,945,918
1069,944,920
1070,943,921
1071,943,919
1072,941,921
1073,941,919
1074,937,917
1075,937,917
1076,936,918
1077,936,920
1078,937,923
1079,938,924
1080,938,925
1081,938,927
1082,938,926
1083,939,924
1084,937,924
1085,937,924
1086,934,921
1087,935,922
1088,932,923
1089,933,924
1090,932,924
1091,936,926
1092,935,929
1093,939,928
1094,937,927
1095,938,928
1096,936,926
1097,934,927
1098,934,924
1099,932,923
1100,932,924
1101,931,926
1102,932,927
1103,934,927
1104,934,928
1105,934,931
1106,934,928
1107,934,927
1108,934,926
1109,933,924
1110,932,925
1111,929,926
1112,927,925
1113,926,926
1114,929,930
1115,931,929
1116,933,931
1117,933,932
1118,935,931
1119,936,930
1120,935,928
1121,936,928
1122,936,923
1123,935,924
1124,937,927
1125,939,926
1126,940,931
1127,944,931
1128,946,933
1129,945,934
1130,947,934
1131,947,933
1132,947,930
1133,946,931
1134,946,929
1135,947,926
1136,949,924
1137,951,924
1138,949,925
1139,947,924
1140,946,923
1141,943,923
1142,943,922
1143,943,921
1144,941,921
1145,940,919
1146,939,919
1147,939,918
1148,936,920
1149,935,923
1150,936,921
1151,934,926
1152,937,929
1153,934,929
1154,933,930
1155,930,930
1156,927,927
1157,924,930
1158,921,928
1159,919,926
1160,919,929
1161,921,929
1162,923,930
1163,923,932
1164,924,932
1165,928,933
1166,927,932
1167,926,932
1168,926,931
1169,925,930
1170,924,926
1171,924,926
1172,924,929
1173,925,928
1174,923,927
1175,922,931
1176,918,933
1177,917,934
1178,916,933
1179,921,934
1180,932,930
1181,948,925
1182,973,915
1183,1005,907
1184,1042,900
1185,1083,892
1186,1126,885
1187,1161,884
1188,1177,889
1189,1167,893
1190,1130,900
1191,1078,914
1192,1022,922
1193,971,930
1194,938,937
1195,923,938
1196,926,937
1197,934,933
1198,945,928
1199,951,924
1200,956,922
1201,956,924
1202,952,924
1203,950,925
1204,944,927
1205,939,925
1206,935,925
1207,933,927
1208,932,927
1209,932,928
1210,932,929
1211,932,929
1212,934,932
1213,933,934
1214,934,934
1215,934,932
1216,931,930
1217,931,927
1218,930,927
1219,929,927
1220,927,930
1221,929,929
1222,930,930
1223,932,931
1224,933,931
1225,935,932
1226,935,930
1227,934,931
1228,935,928
1229,933,927
1230,933,927
1231,933,926
1232,931,926
1233,933,926
1234,933,928
1235,935,928
1236,937,929
1237,937,931
1238,938,931
1239,938,929
1240,939,927
1241,935,926
1242,936,924
1243,936,923
1244,934,925
1245,936,927
1246,935,925
1247,937,928
1248,937,929
1249,939,928
1250,940,929
1251,940,927
1252,939,923
1253,938,923
1254,939,921
1255,937,922
1256,937,923
1257,940,919
1258,939,925
1259,942,925
1260,942,925
1261,944,924
1262,944,925
1263,946,923
1264,945,921
1265,943,920
1266,942,918
1267,942,916
1268,940,919
1269,941,916
1270,943,919
1271,946,920
1272,947,922
1273,946,922
1274,947,922
1275,948,919
1276,947,919
1277,946,917
1278,945,916
1279,943,915
1280,944,916
1281,946,915
1282,946,916
1283,948,918
1284,952,917
1285,954,919
1286,957,918
1287,958,914
1288,957,913
1289,958,911
1290,956,908
1291,958,909
1292,959,910
1293,960,909
1294,962,912
1295,964,911
1296,965,912
1297,967,913
1298,967,911
1299,966,913
1300,964,913
1301,962,911
1302,959,912
1303,955,911
1304,955,914
1305,955,914
1306,953,914
1307,956,920
1308,953,919
1309,953,921
1310,951,922
1311,952,921
1312,949,920
1313,949,919
1314,947,918
1315,943,919
1316,942,920
1317,941,920
1318,943,924
1319,943,925
1320,944,927
1321,946,927
1322,946,928
1323,945,927
1324,944,925
1325,943,924
1326,939,922
1327,940,925
1328,939,924
1329,938,925
1330,939,925
1331,940,926
1332,942,929
1333,941,930
1334,940,927
1335,942,929
1336,942,926
1337,941,925
1338,939,925
1339,937,924
1340,937,924
1341,936,925
1342,935,927
1343,938,929
1344,939,930
1345,940,930
1346,940,930
1347,939,929
1348,940,927
1349,937,927
1350,936,925
1351,935,925
1352,933,925
1353,933,925
1354,934,929
1355,937,929
1356,934,932
1357,935,930
1358,936,931
1359,936,931
1360,935,929
1361,935,925
1362,933,928
1363,934,924
1364,933,925
1365,931,928
1366,934,930
1367,935,932
1368,940,931
1369,943,930
1370,944,933
1371,944,932
1372,946,930
1373,946,928
1374,945,930
1375,946,930
1376,946,929
1377,945,930
1378,946,933
1379,950,933
1380,951,933
1381,955,932
1382,957,930
1383,958,929
1384,955,925
1385,953,923
1386,949,920
1387,944,920
1388,942,917
1389,942,922
1390,944,921
1391,943,924
1392,944,925
1393,944,926
1394,943,925
1395,943,925
1396,942,924
1397,939,924
1398,936,925
1399,932,925
1400,929,928
1401,927,931
1402,926,931
1403,927,932
1404,926,935
1405,930,934
1406,928,931
1407,928,932
1408,928,929
1409,926,930
1410,925,929
1411,925,927
1412,924,928
1413,924,929
1414,926,929
1415,925,930
1416,927,933
1417,929,932
1418,927,932
1419,926,932
1420,921,931
1421,918,931
1422,913,929
1423,921,925
1424,937,923
1425,961,918
1426,996,911
1427,1039,900
1428,1086,890
1429,1134,885
1430,1166,881
1431,1173,886
1432,1151,893
1433,1101,902
1434,1042,915
1435,986,926
1436,945,939
1437,925,941
1438,925,940
1439,936,935
1440,950,932
1441,959,924
1442,963,924
1443,962,922
1444,958,923
1445,951,925
1446,943,925
1447,939,924
1448,934,926
1449,934,927
1450,935,928
1451,935,931
1452,938,932
1453,937,933
1454,938,932
1455,937,931
1456,935,929
1457,931,928
1458,933,929
1459,932,926
1460,931,929
1461,931,927
1462,931,930
1463,933,931
1464,936,932
1465,936,932
1466,936,931
1467,936,932
1468,935,931
1469,934,929
1470,933,927
1471,935,929
1472,935,928
1473,933,929
1474,936,931
1475,938,930
1476,939,933
1477,942,932
1478,943,931
1479,944,929
1480,941,930
1481,941,928
1482,940,927
1483,939,926
1484,939,925
1485,939,926
1486,940,927
1487,941,929
1488,944,929
1489,944,929
1490,942,929
1491,944,929
1492,943,927
1493,943,925
1494,942,924
1495,942,922
1496,944,923
1497,941,922
1498,944,926
1499,947,925
1500,948,925
1501,951,928
1502,950,927
1503,953,925
1504,952,923
1505,950,920
1506,948,920
1507,947,919
1508,948,918
1509,947,921
1510,946,923
1511,949,924
1512,952,924
1513,953,924
1514,953,922
1515,957,923
1516,955,919
1517,953,918
1518,951,916
1519,952,914
1520,952,916
1521,952,915
1522,953,918
1523,957,918
1524,959,917
1525,962,918
1526,965,918
1527,964,917
1528,966,916
1529,967,912
1530,969,913
1531,969,911
1532,969,912
1533,968,912
1534,969,913
1535,969,915
1536,970,918
1537,972,918
1538,970,915
1539,970,917
1540,967,915
1541,964,915
1542,960,913
1543,956,915
1544,954,915
1545,953,917
1546,954,920
1547,955,922
1548,957,923
1549,956,926
1550,956,924
1551,956,925
1552,953,924
1553,950,922
1554,947,923
1555,946,923
1556,945,923
1557,942,926
1558,944,926
1559,945,929
1560,946,930
1561,946,930
1562,942,931
1563,945,931
1564,944,929
1565,943,929
1566,941,928
1567,939,925
1568,939,927
1569,936,928
1570,935,930
1571,938,932
1572,938,931
1573,939,932
1574,940,932
1575,941,930
1576,940,929
1577,940,929
1578,938,927
1579,937,927
1580,937,928
1581,936,928
1582,935,929
1583,937,930
1584,939,932
1585,938,933
1586,938,932
1587,938,933
1588,938,932
1589,937,929
1590,935,929
1591,935,927
1592,933,929
1593,934,929
1594,935,930
1595,935,931
1596,938,932
1597,938,935
1598,938,932
1599,936,930
1600,936,930
1601,935,930
1602,934,930
1603,934,930
1604,935,931
1605,935,931
1606,939,933
1607,940,933
1608,942,934
1609,944,936
1610,946,938
1611,946,937
1612,946,935
1613,947,933
1614,945,932
1615,944,931
1616,944,931
1617,947,934
1618,950,934
1619,955,934
1620,955,934
1621,956,932
1622,955,931
1623,953,928
1624,951,924
1625,946,925
1626,944,923
1627,942,922
1628,942,922
1629,942,924
1630,944,925
1631,944,929
1632,945,930
1633,945,931
1634,943,929
1635,943,930
1636,940,930
1637,936,927
1638,933,929
1639,931,929
1640,927,930
1641,924,929
1642,927,933
1643,927,932
1644,930,935
1645,930,935
1646,931,932
1647,931,936
1648,930,934
1649,928,932
1650,928,931
1651,928,930
1652,927,932
1653,925,932
1654,926,933
1655,928,932
1656,930,934
1657,931,938
1658,930,935
1659,927,936
1660,923,934
1661,918,934
1662,920,931
1663,929,929
1664,948,927
1665,974,922
1666,1009,916
1667,1052,908
1668,1097,900
1669,1142,893
1670,1178,889
1671,1195,890
1672,1183,895
1673,1147,904
1674,1091,915
1675,1033,927
1676,983,941
1677,948,948
1678,934,952
1679,933,951
1680,939,949
1681,950,942
1682,955,936
1683,955,932
1684,952,927
1685,952,923
1686,947,927
1687,944,926
1688,938,926
1689,936,931
1690,935,934
1691,935,933
1692,936,934
1693,937,937
1694,937,937
1695,935,937
1696,937,934
1697,932,933
1698,933,931
1699,932,930
1700,931,931
1701,932,932
1702,934,935
1703,937,936
1704,938,938
1705,939,939
1706,938,937
1707,937,935
1708,937,934
1709,936,932
1710,934,931
1711,934,929
1712,933,932
1713,932,933
1714,933,935
1715,933,935
1716,935,938
1717,937,937
1718,938,936
1719,939,937
1720,939,932
1721,940,932
1722,937,929
1723,938,929
1724,938,931
1725,937,931
1726,938,931
1727,939,932
1728,940,935
1729,944,934
1730,943,932
1731,946,931
1732,944,931
1733,944,928
1734,943,927
1735,941,928
1736,940,927
1737,938,927
1738,940,928
1739,939,928
1740,941,928
1741,942,930
1742,942,929
1743,944,928
1744,944,928
1745,942,926
1746,940,925
1747,939,924
1748,938,923
1749,935,924
1750,937,924
1751,939,925
1752,940,926
1753,943,926
1754,945,926
1755,948,924
1756,947,922
1757,945,919
1758,943,918
1759,943,917
1760,942,918
1761,944,920
1762,946,918
1763,949,920
1764,952,920
1765,957,922
1766,957,919
1767,961,920
1768,962,918
1769,958,917
1770,959,915
1771,956,916
1772,957,915
1773,956,916
1774,958,918
1775,957,919
1776,960,922
1777,959,921
1778,958,922
1779,958,923
1780,957,921
1781,956,922
1782,956,920
1783,952,922
1784,949,922
1785,947,923
1786,949,925
1787,948,928
1788,947,929
1789,947,933
1790,947,931
1791,948,932
1792,948,929
1793,945,930
1794,944,930
1795,940,929
1796,937,927
1797,936,930
1798,937,933
1799,941,934
1800,943,937
1801,945,936
1802,945,936
1803,946,936
1804,944,934
1805,941,935
1806,940,932
1807,938,931
1808,939,932
1809,938,934
1810,939,933
1811,937,937
1812,939,936
1813,940,939
1814,938,938
1815,939,938
1816,937,936
1817,936,933
1818,932,932
1819,932,933
1820,931,934
1821,932,933
1822,934,937
1823,935,938
1824,936,939
1825,937,941
1826,939,940
1827,939,938
1828,938,938
1829,937,935
1830,938,934
1831,937,934
1832,936,935
1833,934,937
1834,932,936
1835,932,938
1836,934,938
1837,935,938
1838,935,939
1839,936,938
1840,936,937
1841,936,936
1842,938,936
1843,939,934
1844,942,936
1845,941,938
1846,943,943
1847,945,944
1848,947,943
1849,947,945
1850,949,943
1851,951,942
1852,954,940
1853,954,938
1854,954,935
1855,951,932
1856,949,930
1857,946,931
1858,943,931
1859,943,932
1860,943,934
1861,945,935
1862,945,934
1863,945,936
1864,944,934
1865,941,933
1866,937,932
1867,936,931
1868,935,933
1869,932,936
1870,931,936
1871,932,938
1872,930,939
1873,929,941
1874,928,942
1875,927,940
1876,927,938
1877,926,938
1878,926,936
1879,926,934
1880,925,939
1881,925,937
1882,926,936
1883,928,940
1884,930,939
1885,929,940
1886,931,940
1887,931,941
1888,931,937
1889,929,937
1890,925,936
1891,922,934
1892,918,936
1893,917,935
1894,922,936
1895,934,937
1896,956,933
1897,983,929
1898,1020,921
1899,1063,911
1900,1108,906
1901,1148,900
1902,1175,900
1903,1182,898
1904,1158,910
1905,1111,920
1906,1054,933
1907,997,942
1908,953,950
1909,927,955
1910,921,956
1911,927,952
1912,934,946
1913,943,938
1914,947,934
1915,945,927
1916,943,928
1917,942,928
1918,941,932
1919,941,934
1920,939,935
1921,938,938
1922,937,938
1923,937,935
1924,934,934
1925,931,932
1926,930,930
1927,927,929
1928,930,932
1929,929,933
1930,930,934
1931,931,934
1932,932,935
1933,933,937
1934,937,937
1935,935,935
1936,936,935
1937,936,934
1938,933,933
1939,933,933
1940,934,931
1941,934,931
1942,935,933
1943,935,935
1944,936,937
1945,937,937
1946,937,937
1947,939,936
1948,939,933
1949,937,931
1950,936,930
1951,936,931
1952,935,930
1953,934,931
1954,935,934
1955,937,932
1956,938,934
1957,940,936
1958,941,934
1959,942,933
1960,943,931
1961,942,929
1962,941,927
1963,940,926
1964,939,926
1965,940,928
1966,942,930
1967,942,931
1968,944,932
1969,945,933
1970,946,932
1971,946,929
1972,946,928
1973,945,927
1974,943,925
1975,941,923
1976,940,924
1977,940,925
1978,940,926
1979,944,926
1980,944,925
1981,945,928
1982,946,927
1983,946,925
1984,945,924
1985,945,923
1986,944,920
1987,942,919
1988,943,919
1989,943,919
1990,945,921
1991,946,921
1992,948,923
1993,950,924
1994,951,923
1995,951,922
1996,952,920
1997,955,919
1998,954,917
1999,954,915
2000,953,917
2001,955,916
2002,958,918
2003,960,917
2004,961,917
2005,965,919
2006,965,918
2007,966,919
2008,967,918
2009,966,915
2010,964,915
2011,962,915
2012,962,916
2013,959,918
2014,961,919
2015,959,920
2016,960,924
2017,957,925
2018,958,925
2019,959,926
2020,958,924
2021,956,923
2022,953,921
2023,952,923
2024,950,924
2025,949,925
2026,949,925
2027,950,929
2028,951,929
2029,951,931
2030,953,932
2031,952,932
2032,951,931
2033,948,928
2034,951,928
2035,947,928
2036,946,930
2037,945,931
2038,946,931
2039,946,933
2040,948,933
2041,951,934
2042,952,934
2043,951,935
2044,951,933
2045,950,932
2046,950,931
2047,947,930
2048,946,929
2049,946,930
2050,947,932
2051,947,932
2052,948,935
2053,949,934
2054,950,936
2055,951,934
2056,950,934
2057,949,931
2058,948,932
2059,946,933
2060,946,931
2061,944,931
2062,945,933
2063,945,935
2064,948,936
2065,948,937
2066,950,938
2067,949,935
2068,948,934
2069,947,934
2070,945,929
2071,943,930
2072,942,931
2073,943,930
2074,943,932
2075,944,935
2076,946,936
2077,948,936
2078,949,936
2079,948,936
2080,951,933
2081,952,932
2082,951,933
2083,952,935
2084,955,935
2085,953,933
2086,955,936
2087,957,936
2088,959,941
2089,960,941
2090,961,941
2091,962,941
2092,965,937
2093,964,934
2094,966,933
2095,966,928
2096,962,927
2097,960,926
2098,958,928
2099,959,929
2100,955,930
2101,957,930
2102,959,929
2103,958,928
2104,956,930
2105,953,927
2106,951,927
2107,949,927
2108,949,927
2109,947,928
2110,946,931
2111,944,932
2112,944,935
2113,943,937
2114,941,937
2115,943,936
2116,941,936
2117,940,935
2118,938,934
2119,938,930
2120,939,933
2121,938,934
2122,939,935
2123,941,936
2124,942,938
2125,943,938
2126,944,938
2127,943,938
2128,942,936
2129,945,935
2130,943,933
2131,942,932
2132,940,935
2133,936,934
2134,934,935
2135,931,936
2136,936,940
2137,942,940
2138,957,938
2139,981,931
2140,1006,924
2141,1040,916
2142,1078,907
2143,1114,899
2144,1148,894
2145,1170,893
2146,1174,900
2147,1154,906
2148,1113,915
2149,1064,925
2150,1014,936
2151,974,944
2152,951,944
2153,946,941
2154,950,935
2155,958,930
2156,965,928
2157,967,924
2158,969,925
2159,968,928
2160,965,930
2161,961,934
2162,957,935
2163,956,934
2164,953,934
2165,951,935
2166,949,932
2167,948,930
2168,948,931
2169,945,933
2170,945,934
2171,946,936
2172,947,937
2173,951,938
2174,952,939
2175,950,937
2176,951,938
2177,950,935
2178,950,934
2179,947,933
2180,947,933
2181,948,934
2182,950,937
2183,950,936
2184,949,937
2185,951,938
2186,953,938
2187,952,937
2188,953,937
2189,951,934
2190,950,932
2191,949,932
2192,949,934
2193,947,934
2194,949,935
2195,951,935
2196,952,935
2197,954,937
2198,954,935
2199,954,933
2200,955,932
2201,953,930
2202,954,931
2203,950,929
2204,952,930
2205,953,930
2206,952,930
2207,955,931
2208,955,932
2209,957,933
2210,958,933
2211,958,931
2212,957,932
2213,957,928
2214,956,926
2215,955,928
2216,955,925
2217,953,926
2218,956,927
2219,957,927
2220,958,928
2221,960,929
2222,960,932
2223,960,927
2224,960,928
2225,961,927
2226,959,925
2227,958,924
2228,957,923
2229,957,924
2230,960,924
2231,962,925
2232,962,927
2233,963,928
2234,964,928
2235,965,925
2236,965,926
2237,964,923
2238,963,922
2239,963,921
2240,964,919
2241,963,919
2242,964,922
2243,967,921
2244,971,924
2245,972,922
2246,974,923
2247,975,922
2248,976,921
2249,976,919
2250,975,917
2251,976,916
2252,976,915
2253,975,915
2254,974,917
2255,977,918
2256,976,919
2257,980,923
2258,977,922
2259,981,922
2260,978,921
2261,976,917
2262,972,918
2263,970,918
2264,969,918
2265,967,920
2266,967,921
2267,969,923
2268,967,926
2269,968,928
2270,968,927
2271,967,926
2272,966,927
2273,960,927
2274,958,926
2275,958,923
2276,958,925
2277,956,927
2278,957,929
2279,957,928
2280,957,931
2281,957,932
2282,958,933
2283,956,933
2284,959,932
2285,957,929
2286,954,928
2287,953,929
2288,953,927
2289,954,929
2290,954,930
2291,954,932
2292,956,933
2293,955,934
2294,957,933
2295,954,933
2296,955,932
2297,954,931
2298,952,928
2299,949,925
2300,951,929
2301,950,927
2302,950,930
2303,952,933
2304,953,932
2305,953,935
2306,953,934
2307,954,934
2308,954,932
2309,952,931
2310,949,930
2311,949,928
2312,949,927
2313,948,929
2314,948,930
2315,950,933
2316,951,933
2317,952,933
2318,953,932
2319,952,934
2320,950,933
2321,950,931
2322,947,930
2323,946,928
2324,943,929
2325,944,931
2326,946,931
2327,948,932
2328,950,932
2329,951,935
2330,954,933
2331,957,934
2332,957,933
2333,957,932
2334,959,932
2335,957,930
2336,957,932
2337,957,932
2338,957,935
2339,959,935
2340,962,935
2341,963,938
2342,968,937
2343,969,933
2344,970,931
2345,968,927
2346,966,924
2347,962,923
2348,959,923
2349,955,921
2350,955,922
2351,954,925
2352,956,928
2353,955,930
2354,956,930
2355,956,929
2356,955,926
2357,953,927
2358,948,926
2359,946,927
2360,941,927
2361,939,931
2362,936,931
2363,936,933
2364,937,934
2365,939,935
2366,942,935
2367,943,935
2368,942,934
2369,943,932
2370,942,932
2371,939,932
2372,939,933
2373,938,931
2374,940,933
2375,941,932
2376,942,934
2377,944,935
2378,945,936
2379,944,935
2380,943,933
2381,939,933
2382,934,932
2383,930,930
2384,932,931
2385,937,931
2386,953,930
2387,975,926
2388,1004,921
2389,1039,912
2390,1080,903
2391,1118,896
2392,1154,891
2393,1176,889
2394,1175,891
2395,1147,900
2396,1100,908
2397,1041,922
2398,989,934
2399,955,942
2400,939,946
2401,941,944
2402,953,939
2403,965,932
2404,970,928
2405,972,925
2406,967,926
2407,963,927
2408,957,926
2409,952,929
2410,949,930
2411,948,933
2412,947,936
2413,950,936
2414,950,936
2415,950,935
2416,950,936
2417,948,937
2418,946,934
2419,945,931
2420,944,935
2421,945,934
2422,947,935
2423,947,936
2424,948,938
2425,949,938
2426,950,939
2427,950,938
2428,949,936
2429,948,934
2430,949,934
2431,948,934
2432,947,933
2433,949,934
2434,947,934
2435,949,935
2436,949,935
2437,951,938
2438,952,938
2439,953,938
2440,952,935
2441,951,936
2442,948,934
2443,947,932
2444,947,932
2445,947,933
2446,948,932
2447,951,935
2448,952,935
2449,954,933
2450,956,936
2451,958,935
2452,956,934
2453,955,932
2454,954,929
2455,953,927
2456,953,928
2457,955,928
2458,954,930
2459,955,928
2460,954,931
2461,955,932
2462,959,931
2463,959,932
2464,959,929
2465,958,929
2466,958,925
2467,956,924
2468,954,924
2469,955,924
2470,956,925
2471,959,925
2472,959,929
2473,961,929
2474,963,927
2475,962,928
2476,961,925
2477,960,923
2478,960,920
2479,959,919
2480,959,920
2481,957,920
2482,958,921
2483,963,922
2484,961,924
2485,964,925
2486,967,921
2487,968,919
2488,969,921
2489,970,918
2490,969,916
2491,971,913
2492,970,914
2493,969,915
2494,973,915
2495,973,917
2496,974,918
2497,977,921
2498,978,920
2499,977,917
2500,976,917
2501,974,918
2502,973,915
2503,971,917
2504,968,916
2505,966,920
2506,966,920
2507,966,920
2508,964,923
2509,966,926
2510,965,927
2511,963,927
2512,963,926
2513,962,926
2514,959,926
2515,957,927
2516,955,924
2517,954,927
2518,953,929
2519,952,929
2520,954,932
2521,955,934
2522,956,934
2523,956,934
2524,956,934
2525,954,931
2526,951,930
2527,950,929
2528,949,929
2529,946,931
2530,949,933
2531,949,931
2532,953,935
2533,952,934
2534,950,935
2535,951,935
2536,949,934
2537,948,932
2538,947,929
2539,947,930
2540,946,929
2541,946,931
2542,946,932
2543,947,935
2544,949,933
2545,950,936
2546,950,936
2547,950,935
2548,949,935
2549,949,934
2550,946,933
2551,944,931
2552,944,931
2553,944,931
2554,943,934
2555,943,936
2556,944,935
2557,946,937
2558,946,936
2559,946,937
2560,946,935
2561,945,933
2562,944,932
2563,942,932
2564,942,933
2565,941,932
2566,942,934
2567,944,935
2568,945,935
2569,948,936
2570,948,938
2571,950,936
2572,951,936
2573,952,934
2574,953,933
2575,950,931
2576,952,932
2577,953,934
2578,952,934
2579,956,935
2580,956,938
2581,957,939
2582,958,940
2583,961,938
2584,964,939
2585,965,934
2586,966,929
2587,963,929
2588,960,927
2589,958,926
2590,954,926
2591,953,927
2592,951,929
2593,952,931
2594,952,932
2595,953,930
2596,953,930
2597,950,930
2598,950,928
2599,948,928
2600,946,927
2601,945,928
2602,942,931
2603,943,934
2604,939,935
2605,940,938
2606,939,938
2607,940,939
2608,940,938
2609,940,936
2610,936,933
2611,934,932
2612,934,931
2613,936,936
2614,938,935
2615,937,937
2616,939,937
2617,941,938
2618,941,937
2619,943,934
2620,942,937
2621,941,935
2622,940,932
2623,936,932
2624,931,932
2625,928,934
2626,926,936
2627,930,935
2628,942,936
2629,958,933
2630,982,927
2631,1013,917
2632,1049,906
2633,1089,895
2634,1126,890
2635,1160,882
2636,1175,883
2637,1172,889
2638,1144,898
2639,1099,909
2640,1049,924
2641,1000,936
2642,964,947
2643,944,948
2644,939,947
2645,946,940
2646,956,934
2647,960,927
2648,963,925
2649,962,923
2650,959,925
2651,956,927
2652,951,933
2653,950,933
2654,948,936
2655,947,934
2656,943,932
2657,945,936
2658,945,932
2659,944,933
2660,940,932
2661,940,934
2662,940,933
2663,942,935
2664,943,938
2665,943,938
2666,945,937
2667,946,936
2668,945,934
2669,943,936
2670,944,934
2671,943,934
2672,943,931
2673,942,934
2674,943,933
2675,944,933
2676,944,936
2677,944,937
2678,944,936
2679,947,937
2680,947,937
2681,946,934
2682,946,932
2683,944,932
2684,945,931
2685,942,931
2686,944,933
2687,945,936
2688,947,935
2689,948,938
2690,947,936
2691,951,934
2692,952,932
2693,951,931
2694,948,932
2695,948,931
2696,946,928
2697,948,929
2698,948,928
2699,949,931
2700,950,932
2701,953,934
2702,952,932
2703,953,931
2704,953,932
2705,952,930
2706,951,929
2707,950,927
2708,950,925
2709,948,927
2710,948,927
2711,949,929
2712,948,929
2713,952,930
2714,951,930
2715,948,929
2716,950,930
2717,948,928
2718,946,925
2719,945,922
2720,945,924
2721,944,923
2722,947,923
2723,949,924
2724,951,926
2725,953,928
2726,955,927
2727,956,924
2728,957,926
2729,957,925
2730,957,924
2731,955,920
2732,955,919
2733,955,919
2734,956,920
2735,959,920
2736,965,921
2737,966,919
2738,968,920
2739,970,920
2740,972,919
2741,972,917
2742,971,917
2743,971,912
2744,970,914
2745,969,917
2746,969,918
2747,969,919
2748,967,920
2749,968,922
2750,968,924
2751,968,922
2752,966,924
2753,964,923
2754,962,921
2755,958,922
2756,955,923
2757,955,924
2758,953,925
2759,954,926
2760,955,928
2761,954,931
2762,954,932
2763,955,932
2764,953,931
2765,950,929
2766,948,928
2767,945,930
2768,947,927
2769,946,927
2770,943,930
2771,946,929
2772,946,933
2773,947,932
2774,950,935
2775,948,931
2776,949,934
2777,948,932
2778,946,930
2779,943,929
2780,946,929
2781,943,930
2782,945,932
2783,945,933
2784,944,934
2785,946,933
2786,946,936
2787,944,934
2788,946,934
2789,943,931
2790,943,929
2791,941,932
2792,940,931
2793,939,933
2794,941,931
2795,941,934
2796,941,933
2797,943,936
2798,944,937
2799,944,937
2800,943,934
2801,943,934
2802,941,932
2803,940,931
2804,939,930
2805,940,931
2806,940,931
2807,940,932
2808,943,935
2809,944,937
2810,945,937
2811,946,935
2812,946,934
2813,947,933
2814,944,933
2815,946,932
2816,945,932
2817,947,935
2818,950,935
2819,949,936
2820,952,938
2821,953,941
2822,956,940
2823,960,939
2824,963,938
2825,964,932
2826,963,933
2827,961,927
2828,957,925
2829,952,925
2830,949,925
2831,947,927
2832,946,929
2833,946,930
2834,945,931
2835,946,930
2836,946,929
2837,947,928
2838,946,926
2839,943,928
2840,943,927
2841,939,930
2842,934,933
2843,935,933
2844,933,936
2845,935,937
2846,934,938
2847,935,936
2848,935,938
2849,936,935
2850,934,934
2851,934,932
2852,931,934
2853,933,933
2854,933,935
2855,935,935
2856,936,937
2857,937,939
2858,937,939
2859,938,937
2860,938,936
2861,933,932
2862,929,933
2863,924,933
2864,922,932
2865,924,934
2866,935,930
2867,954,930
2868,983,922
2869,1019,914
2870,1064,905
2871,1114,889
2872,1163,884
2873,1194,880
2874,1201,883
2875,1173,892
2876,1121,906
2877,1057,924
2878,998,938
2879,957,950
2880,937,955
2881,936,955
2882,943,949
2883,956,939
2884,963,932
2885,962,926
2886,960,925
2887,956,925
2888,951,927
2889,944,930
2890,939,931
2891,937,935
2892,938,935
2893,941,935
2894,943,937
2895,943,935
2896,944,937
2897,943,937
2898,942,935
2899,940,933
2900,937,934
2901,937,932
2902,935,934
2903,938,937
2904,939,939
2905,941,940
2906,943,939
2907,942,938
2908,941,938
2909,944,938
2910,940,934
2911,940,932
2912,938,932
2913,938,935
2914,937,935
2915,937,936
2916,939,936
2917,941,938
2918,943,938
2919,944,938
2920,946,936
2921,947,936
2922,948,935
2923,945,933
2924,944,932
2925,942,934
2926,943,934
2927,943,934
2928,947,936
2929,949,937
2930,950,939
2931,948,936
2932,946,936
2933,946,933
2934,943,930
2935,943,929
2936,941,930
2937,940,928
2938,942,930
2939,944,931
2940,948,930
2941,948,934
2942,950,934
2943,949,933
2944,947,929
2945,948,932
2946,946,927
2947,943,926
2948,942,924
2949,943,927
2950,943,927
2951,943,928
2952,946,929
2953,949,929
2954,951,932
2955,952,927
2956,951,929
2957,952,927
2958,949,925
2959,949,923
2960,948,925
2961,946,923
2962,945,922
2963,946,925
2964,948,927
2965,952,926
2966,956,926
2967,957,926
2968,959,924
2969,959,923
2970,961,921
2971,961,919
2972,962,916
2973,962,916
2974,963,918
2975,965,918
2976,966,921
2977,967,922
2978,967,923
2979,968,924
2980,970,921
2981,967,921
2982,966,921
2983,963,918
2984,963,920
2985,962,920
2986,960,923
2987,960,924
2988,959,926
2989,958,927
2990,960,930
2991,957,927
2992,957,930
2993,954,926
2994,954,926
2995,951,926
2996,952,927
2997,949,928
2998,948,929
2999,949,929
3000,949,934
3001,949,936
3002,951,937
3003,950,935
3004,949,936
3005,949,933
3006,947,933
3007,946,932
3008,942,930
3009,940,932
3010,942,934
3011,944,936
3012,944,934
3013,946,939
3014,950,939
3015,950,939
3016,949,938
3017,946,938
3018,944,938
3019,942,933
3020,941,935
3021,941,937
3022,941,936
3023,941,939
3024,943,939
3025,943,941
3026,945,941
3027,945,940
3028,947,941
3029,944,939
3030,945,937
3031,943,936
3032,941,934
3033,939,935
3034,940,938
3035,939,938
3036,939,939
3037,938,941
3038,940,941
3039,940,941
3040,940,941
3041,940,939
3042,939,937
3043,939,936
3044,938,935
3045,936,937
3046,934,937
3047,935,938
3048,935,941
3049,936,943
3050,938,942
3051,943,941
3052,946,942
3053,950,941
3054,951,940
3055,951,939
3056,951,940
3057,948,941
3058,946,942
3059,947,942
3060,946,945
3061,951,945
3062,953,947
3063,955,946
3064,957,942
3065,956,940
3066,955,937
3067,952,933
3068,952,932
3069,948,933
3070,949,932
3071,949,934
3072,947,936
3073,947,938
3074,946,939
3075,945,938
3076,944,937
3077,944,936
3078,942,937
3079,941,935
3080,935,936
3081,933,936
3082,931,940
3083,930,941
3084,930,942
3085,933,944
3086,935,945
3087,934,941
3088,936,944
3089,934,944
3090,934,943
3091,930,940
3092,931,939
3093,930,942
3094,931,939
3095,932,941
3096,932,940
3097,933,943
3098,934,944
3099,932,944
3100,932,944
3101,926,941
3102,920,940
3103,917,938
3104,920,940
3105,928,938
3106,948,934
3107,974,930
3108,1011,925
3109,1054,916
3110,1102,909
3111,1150,899
3112,1189,898
3113,1210,899
3114,1201,904
3115,1164,913
3116,1106,927
3117,1037,940
3118,979,949
3119,939,958
3120,924,964
3121,924,964
3122,937,959
3123,946,952
3124,954,944
3125,957,938
3126,952,935
3127,950,934
3128,945,932
3129,942,934
3130,938,939
3131,937,938
3132,936,939
3133,939,943
3134,944,943
3135,942,941
3136,942,942
3137,942,940
3138,940,939
3139,937,938
3140,935,938
3141,934,938
3142,933,939
3143,933,939
3144,933,942
3145,933,941
3146,938,944
3147,937,942
3148,937,943
3149,939,942
3150,940,941
3151,938,938
3152,936,934
3153,936,938
3154,937,937
3155,939,939
3156,939,940
3157,940,940
3158,943,942
3159,942,939
3160,943,941
3161,945,940
3162,944,938
3163,944,938
3164,942,935
3165,940,936
3166,940,936
3167,943,940
3168,942,937
3169,945,940
3170,947,941
3171,945,938
3172,947,939
3173,946,939
3174,945,938
3175,946,935
3176,944,934
3177,943,933
3178,943,933
3179,944,935
3180,945,935
3181,949,937
3182,949,939
3183,950,936
3184,950,936
3185,948,935
3186,946,933
3187,944,930
3188,943,930
3189,944,929
3190,944,928
3191,946,931
3192,944,932
3193,947,933
3194,947,933
3195,948,933
3196,949,932
3197,946,930
3198,947,926
3199,944,927
3200,944,925
3201,944,925
3202,942,926
3203,945,925
3204,946,928
3205,948,927
3206,951,930
3207,952,926
3208,955,927
3209,955,924
3210,957,923
3211,957,921
3212,959,922
3213,960,921
3214,959,921
3215,959,924
3216,963,925
3217,963,924
3218,964,928
3219,967,927
3220,967,926
3221,966,926
3222,963,924
3223,960,924
3224,958,923
3225,958,925
3226,954,927
3227,954,929
3228,957,931
3229,958,933
3230,958,932
3231,956,932
3232,956,935
3233,953,932
3234,950,931
3235,948,931
3236,947,930
3237,946,931
3238,945,933
3239,947,934
3240,947,937
3241,946,937
3242,948,940
3243,947,939
3244,947,940
3245,948,940
3246,947,938
3247,944,938
3248,944,936
3249,943,935
3250,943,937
3251,945,939
3252,946,941
3253,945,941
3254,948,944
3255,947,939
3256,946,938
3257,947,938
3258,943,939
3259,943,938
3260,941,937
3261,942,938
3262,940,939
3263,941,941
3264,941,942
3265,940,943
3266,944,942
3267,943,943
3268,945,943
3269,944,942
3270,941,941
3271,941,938
3272,939,939
3273,939,941
3274,939,939
3275,939,941
3276,941,942
3277,941,943
3278,942,947
3279,942,945
3280,942,943
3281,942,943
3282,941,940
3283,940,941
3284,939,940
3285,938,940
3286,937,940
3287,939,944
3288,939,944
3289,943,945
3290,944,946
3291,945,945
3292,949,946
3293,949,946
3294,951,943
3295,951,944
3296,952,944
3297,950,942
3298,949,944
3299,952,945
3300,952,948
3301,953,949
3302,958,948
3303,961,947
3304,963,944
3305,963,941
3306,962,939
3307,960,935
3308,955,934
3309,953,933
3310,951,934
3311,952,937
3312,951,937
3313,952,941
3314,953,940
3315,954,937
3316,952,940
3317,952,939
3318,949,938
3319,946,936
3320,944,937
3321,941,938
3322,938,939
3323,937,942
3324,935,945
3325,938,944
3326,937,945
3327,938,946
3328,937,947
3329,941,945
3330,939,945
3331,938,941
3332,937,940
3333,937,941
3334,935,941
3335,937,942
3336,939,945
3337,940,946
3338,942,947
3339,943,945
3340,941,945
3341,939,944
3342,935,943
3343,928,942
3344,924,941
3345,924,943
3346,934,941
3347,953,939
3348,978,934
3349,1016,928
3350,1061,918
3351,1108,907
3352,1155,904
3353,1191,901
3354,1204,902
3355,1187,908
3356,1142,918
3357,1079,929
3358,1015,940
3359,965,949
3360,936,957
3361,930,956
3362,941,953
3363,953,944
3364,965,939
3365,970,934
3366,970,932
3367,966,929
3368,962,928
3369,957,935
3370,952,938
3371,949,936
3372,949,940
3373,950,940
3374,951,943
3375,953,942
3376,951,939
3377,950,941
3378,950,942
3379,947,938
3380,946,937
3381,945,939
3382,943,937
3383,944,941
3384,945,942
3385,946,943
3386,951,945
3387,951,944
3388,950,940
3389,950,941
3390,950,939
3391,947,938
3392,947,936
3393,946,937
3394,946,938
3395,947,939
3396,950,941
3397,952,942
3398,954,942
3399,954,943
3400,954,941
3401,954,941
3402,953,937
3403,953,937
3404,949,934
3405,952,936
3406,951,936
3407,950,936
3408,952,940
3409,955,939
3410,956,941
3411,955,937
3412,956,937
3413,955,935
3414,956,934
3415,954,932
3416,950,930
3417,953,931
3418,952,932
3419,952,932
3420,953,933
3421,953,935
3422,955,935
3423,955,934
3424,957,935
3425,956,933
3426,955,930
3427,952,930
3428,953,927
3429,951,927
3430,951,929
3431,952,929
3432,953,931
3433,955,931
3434,957,931
3435,957,933
3436,956,930
3437,955,928
3438,954,926
3439,952,926
3440,955,924
3441,954,924
3442,953,923
3443,954,925
3444,958,926
3445,960,927
3446,963,929
3447,966,927
3448,969,925
3449,970,925
3450,971,922
3451,972,920
3452,970,919
3453,970,919
3454,971,921
3455,974,919
3456,975,921
3457,975,924
3458,975,924
3459,977,926
3460,977,926
3461,975,924
3462,972,924
3463,970,922
3464,967,922
3465,965,924
3466,964,925
3467,964,928
3468,964,927
3469,964,928
3470,964,931
3471,964,931
3472,962,931
3473,963,931
3474,959,928
3475,958,927
3476,955,929
3477,954,929
3478,954,930
3479,953,931
3480,955,934
3481,955,933
3482,956,935
3483,957,934
3484,955,935
3485,954,936
3486,952,934
3487,953,931
3488,951,931
3489,950,931
3490,949,930
3491,951,933
3492,951,935
3493,951,937
3494,952,938
3495,954,936
3496,953,936
3497,952,937
3498,951,935
3499,950,935
3500,947,931
3501,947,933
3502,945,933
3503,947,936
3504,947,937
3505,951,938
3506,949,940
3507,951,938
3508,949,937
3509,948,936
3510,948,934
3511,947,933
3512,945,933
3513,945,933
3514,945,934
3515,944,935
3516,945,935
3517,945,937
3518,947,939
3519,948,939
3520,947,937
3521,949,936
3522,944,935
3523,942,932
3524,942,933
3525,943,934
3526,941,936
3527,946,936
3528,947,936
3529,950,940
3530,953,940
3531,955,940
3532,956,942
3533,957,941
3534,959,939
3535,957,939
3536,956,938
3537,955,938
3538,956,937
3539,957,938
3540,964,938
3541,965,939
3542,970,938
3543,969,937
3544,970,933
3545,967,931
3546,962,928
3547,958,925
3548,955,925
3549,952,924
3550,952,929
3551,952,928
3552,954,931
3553,956,932
3554,955,934
3555,954,934
3556,955,932
3557,953,932
3558,950,929
3559,946,930
3560,941,929
3561,938,931
3562,936,934
3563,934,934
3564,935,935
3565,937,938
3566,941,937
3567,940,937
3568,941,937
3569,940,938
3570,939,935
3571,940,934
3572,940,932
3573,939,934
3574,938,933
3575,940,935
3576,940,936
3577,942,939
3578,943,939
3579,943,936
3580,942,938
3581,940,936
3582,935,938
3583,929,936
3584,927,936
3585,927,935
3586,936,934
3587,954,934
3588,981,926
3589,1008,920
3590,1045,914
3591,1083,903
3592,1127,894
3593,1163,890
3594,1190,887
3595,1194,890
3596,1173,897
3597,1130,904
3598,1073,916
3599,1016,929
3600,972,939
3601,948,946
3602,941,949
3603,948,943
3604,960,936
3605,968,928
3606,970,927
3607,971,922
3608,966,923
3609,963,922
3610,955,924
3611,952,930
3612,950,931
3613,950,933
3614,950,935
3615,949,934
3616,951,933
3617,950,934
3618,948,931
3619,948,934
3620,944,932
3621,944,931
3622,943,931
3623,944,933
3624,943,935
3625,945,938
3626,944,938
3627,946,937
3628,945,936
3629,947,934
3630,947,932
3631,946,931
3632,947,932
3633,946,931
3634,946,932
3635,945,933
3636,947,933
3637,949,936
3638,950,935
3639,950,935
3640,952,935
3641,952,935
3642,951,932
3643,950,931
3644,948,930
3645,949,929
3646,949,930
3647,951,932
3648,949,934
3649,950,934
3650,952,933
3651,956,933
3652,957,931
3653,957,930
3654,956,930
3655,955,927
3656,954,928
3657,953,927
3658,952,926
3659,954,927
3660,955,929
3661,955,929
3662,956,932
3663,959,932
3664,959,929
3665,958,927
3666,957,925
3667,955,925
3668,955,924
3669,954,923
3670,954,925
3671,956,924
3672,957,926
3673,958,926
3674,961,928
3675,959,926
3676,960,926
3677,961,924
3678,958,923
3679,957,922
3680,958,919
3681,959,919
3682,957,920
3683,958,922
3684,960,921
3685,958,924
3686,961,924
3687,964,924
3688,964,921
3689,964,920
3690,966,918
3691,966,917
3692,970,916
3693,971,912
3694,970,915
3695,972,915
3696,975,915
3697,976,917
3698,977,918
3699,981,918
3700,982,918
3701,980,916
3702,980,915
3703,977,914
3704,977,915
3705,973,915
3706,972,915
3707,972,917
3708,972,917
3709,972,921
3710,971,925
3711,972,925
3712,971,925
3713,970,924
3714,967,923
3715,966,922
3716,964,922
3717,962,924
3718,959,925
3719,959,925
3720,960,927
3721,960,930
3722,962,931
3723,962,932
3724,962,931
3725,961,929
3726,960,930
3727,958,927
3728,958,926
3729,956,928
3730,957,928
3731,955,929
3732,957,929
3733,957,932
3734,959,933
3735,960,932
3736,960,935
3737,958,932
3738,958,932
3739,956,929
3740,954,928
3741,954,928
3742,953,931
3743,955,931
3744,955,934
3745,954,934
3746,957,935
3747,956,936
3748,956,935
3749,956,932
3750,953,932
3751,952,928
3752,950,929
3753,949,930
3754,948,931
3755,949,930
3756,951,933
3757,950,934
3758,952,936
3759,952,936
3760,952,936
3761,952,932
3762,951,932
3763,949,933
3764,947,930
3765,946,930
3766,946,931
3767,947,932
3768,949,933
3769,948,935
3770,952,936
3771,951,937
3772,951,938
3773,954,935
3774,953,935
3775,953,932
3776,952,931
3777,953,930
3778,953,933
3779,955,934
3780,958,935
3781,961,936
3782,963,936
3783,965,938
3784,964,940
3785,965,938
3786,964,936
3787,966,933
3788,967,930
3789,969,929
3790,968,927
3791,967,926
3792,966,928
3793,963,925
3794,963,926
3795,962,927
3796,958,926
3797,958,926
3798,955,924
3799,957,923
3800,954,921
3801,952,920
3802,952,923
3803,952,923
3804,951,926
3805,951,929
3806,950,931
3807,947,934
3808,947,933
3809,944,933
3810,942,933
3811,941,932
3812,940,931
3813,939,929
3814,940,930
3815,939,931
3816,942,934
3817,941,935
3818,944,936
3819,944,936
3820,944,935
3821,944,934
3822,943,934
3823,943,932
3824,941,932
3825,940,930
3826,938,931
3827,936,930
3828,932,933
3829,930,936
3830,931,937
3831,936,938
3832,949,933
3833,967,928
3834,992,919
3835,1024,907
3836,1063,897
3837,1108,888
3838,1147,881
3839,1181,879
3840,1193,886
3841,1174,891
3842,1132,905
3843,1077,915
3844,1019,928
3845,975,940
3846,945,948
3847,936,945
3848,943,940
3849,954,932
3850,963,926
3851,967,922
3852,969,922
3853,969,922
3854,966,926
3855,962,928
3856,956,930
3857,953,932
3858,950,929
3859,948,930
3860,947,926
3861,946,927
3862,945,927
3863,947,931
3864,947,931
3865,947,933
3866,947,937
3867,946,936
3868,948,934
3869,946,933
3870,946,932
3871,944,931
3872,944,931
3873,943,929
3874,943,930
3875,946,931
3876,945,934
3877,948,932
3878,949,936
3879,950,935
3880,951,933
3881,953,935
3882,951,932
3883,951,932
3884,950,928
3885,949,926
3886,948,929
3887,949,930
3888,949,932
3889,950,934
3890,952,934
3891,952,935
3892,955,932
3893,955,933
3894,955,929
3895,952,930
3896,951,928
3897,951,926
3898,950,927
3899,950,930
3900,951,930
3901,953,931
3902,954,933
3903,954,933
3904,954,930
3905,955,929
3906,954,930
3907,953,925
3908,953,925
3909,952,926
3910,951,926
3911,951,925
3912,953,927
3913,955,927
3914,957,929
3915,958,928
3916,957,930
3917,957,927
3918,954,924
3919,953,922
3920,950,922
3921,951,922
3922,952,923
3923,952,923
3924,953,924
3925,954,923
3926,956,927
3927,957,926
3928,957,924
3929,957,924
3930,958,922
3931,956,919
3932,956,918
3933,956,918
3934,953,920
3935,956,919
3936,956,921
3937,959,923
3938,963,923
3939,963,923
3940,966,922
3941,968,919
3942,968,917
3943,969,915
3944,970,913
3945,968,913
3946,969,915
3947,971,914
3948,973,915
3949,974,915
3950,977,917
3951,975,918
3952,976,916
3953,975,916
3954,973,914
3955,970,915
3956,967,914
3957,966,913
3958,961,913
3959,962,915
3960,962,916
3961,965,921
3962,963,921
3963,961,922
3964,962,922
3965,958,923
3966,958,922
3967,956,920
3968,954,921
3969,952,920
3970,952,922
3971,953,925
3972,951,925
3973,953,926
3974,955,929
3975,955,929
3976,955,927
3977,953,927
3978,952,928
3979,949,926
3980,950,925
3981,950,924
3982,948,927
3983,949,926
3984,949,929
3985,948,930
3986,950,932
3987,949,931
3988,951,929
3989,951,929
3990,948,930
3991,949,929
3992,945,925
3993,944,927
3994,945,927
3995,945,927
3996,945,928
3997,947,931
3998,946,934
3999,948,932
4000,948,931
4001,946,931
4002,948,932
4003,948,931
4004,947,928
4005,946,928
4006,945,928
4007,944,928
4008,945,931
4009,944,933
4010,945,935
4011,945,934
4012,945,933
4013,945,931
4014,945,932
4015,944,928
4016,940,930
4017,941,928
4018,939,930
4019,941,931
4020,942,930
4021,944,932
4022,947,933
4023,950,935
4024,953,933
4025,954,934
4026,955,933
4027,955,932
4028,956,930
4029,954,934
4030,954,935
4031,954,934
4032,956,936
4033,960,937
4034,963,937
4035,968,935
4036,971,931
4037,969,930
4038,964,926
4039,958,924
4040,954,920
4041,950,919
4042,948,921
4043,947,924
4044,950,924
4045,950,927
4046,953,929
4047,953,928
4048,952,928
4049,950,927
4050,947,928
4051,944,926
4052,942,928
4053,939,927
4054,937,928
4055,935,931
4056,936,935
4057,936,934
4058,939,937
4059,940,938
4060,940,936
4061,938,936
4062,937,936
4063,936,932
4064,933,931
4065,935,933
4066,933,932
4067,935,934
4068,937,934
4069,938,936
4070,940,937
4071,940,938
4072,935,937
4073,930,938
4074,927,936
4075,927,935
4076,933,932
4077,950,927
4078,975,921
4079,1009,913
4080,1053,902
4081,1101,892
4082,1147,881
4083,1187,877
4084,1203,875
4085,1188,884
4086,1143,896
4087,1083,913
4088,1023,929
4089,972,942
4090,943,950
4091,933,953
4092,938,949
4093,951,942
4094,960,934
4095,965,931
4096,967,925
4097,965,923
4098,961,924
4099,952,928
4100,947,929
4101,942,927
4102,942,930
4103,938,933
4104,938,935
4105,937,935
4106,939,936
4107,941,934
4108,944,935
4109,941,936
4110,941,934
4111,939,932
4112,937,930
4113,937,931
4114,935,930
4115,936,931
4116,937,932
4117,937,935
4118,937,937
4119,941,936
4120,942,934
4121,941,935
4122,943,932
4123,941,932
4124,940,931
4125,941,930
4126,942,933
4127,941,933
4128,944,931
4129,944,933
4130,946,936
4131,947,935
4132,949,934
4133,947,933
4134,947,930
4135,947,930
4136,945,929
4137,947,928
4138,945,929
4139,946,928
4140,944,929
4141,948,930
4142,948,932
4143,951,932
4144,950,931
4145,949,930
4146,950,930
4147,947,929
4148,946,928
4149,947,926
4150,946,927
4151,946,925
4152,947,929
4153,948,929
4154,950,929
4155,952,930
4156,948,930
4157,951,927
4158,952,927
4159,951,925
4160,949,923
4161,946,924
4162,946,924
4163,948,923
4164,948,927
4165,947,925
4166,950,924
4167,952,927
4168,953,928
4169,954,925
4170,955,922
4171,954,921
4172,952,921
4173,950,920
4174,951,919
4175,951,920
4176,952,920
4177,955,920
4178,959,921
4179,960,922
4180,961,920
4181,964,919
4182,964,918
4183,965,916
4184,966,915
4185,967,915
4186,969,912
4187,969,915
4188,968,918
4189,971,920
4190,970,920
4191,971,919
4192,968,919
4193,969,921
4194,967,921
4195,964,918
4196,960,918
4197,958,919
4198,955,922
4199,956,923
4200,956,924
4201,958,928
4202,959,928
4203,958,931
4204,956,930
4205,956,928
4206,954,929
4207,951,927
4208,950,925
4209,950,926
4210,948,928
4211,948,932
4212,947,933
4213,947,933
4214,949,935
4215,951,936
4216,950,934
4217,949,934
4218,949,933
4219,946,931
4220,944,931
4221,942,928
4222,940,930
4223,942,932
4224,943,935
4225,944,935
4226,946,938
4227,948,938
4228,946,936
4229,945,936
4230,944,934
4231,943,934
4232,943,932
4233,941,932
4234,940,931
4235,940,933
4236,940,936
4237,942,935
4238,942,936
4239,944,939
4240,942,938
4241,943,938
4242,942,935
4243,940,932
4244,939,933
4245,936,934
4246,937,933
4247,935,935
4248,933,936
4249,934,937
4250,936,938
4251,938,940
4252,940,938
4253,937,938
4254,937,938
4255,936,937
4256,934,935
4257,933,936
4258,936,935
4259,936,938
4260,937,937
4261,940,938
4262,942,941
4263,945,942
4264,949,943
4265,951,941
4266,949,942
4267,950,942
4268,947,938
4269,948,938
4270,948,939
4271,950,942
4272,954,940
4273,957,941
4274,957,941
4275,961,939
4276,960,937
4277,958,935
4278,953,933
4279,951,930
4280,947,928
4281,947,927
4282,945,929
4283,944,930
4284,944,931
4285,945,932
4286,947,934
4287,947,936
4288,945,935
4289,943,935
4290,939,933
4291,935,934
4292,933,934
4293,931,935
4294,928,936
4295,928,937
4296,929,938
4297,931,940
4298,930,939
4299,933,942
4300,934,942
4301,935,940
4302,934,939
4303,933,937
4304,930,937
4305,928,935
4306,930,935
4307,928,936
4308,930,938
4309,931,938
4310,933,938
4311,933,940
4312,931,938
4313,928,940
4314,926,938
4315,927,936
4316,935,935
4317,951,933
4318,973,927
4319,1004,918
4320,1044,914
4321,1091,904
4322,1135,897
4323,1173,892
4324,1191,892
4325,1187,899
4326,1150,908
4327,1099,919
4328,1039,932
4329,987,943
4330,953,955
4331,933,958
4332,934,957
4333,939,953
4334,948,946
4335,954,939
4336,957,935
4337,954,932
4338,952,931
4339,947,931
4340,941,933
4341,939,933
4342,936,935
4343,936,935
4344,938,937
4345,939,939
4346,938,940
4347,937,942
4348,938,942
4349,938,941
4350,937,941
4351,936,939
4352,936,937
4353,934,937
4354,931,937
4355,931,937
4356,933,938
4357,935,940
4358,935,943
4359,937,940
4360,939,940
4361,939,940
4362,940,939
4363,936,937
4364,936,936
4365,935,937
4366,934,935
4367,935,937
4368,936,938
4369,938,939
4370,941,940
4371,942,942
4372,944,938
4373,945,939
4374,943,937
4375,942,936
4376,941,935
4377,939,932
4378,937,932
4379,937,932
4380,937,936
4381,938,935
4382,940,936
4383,941,937
4384,942,936
4385,944,937
4386,944,933
4387,942,931
4388,941,929
4389,940,929
4390,939,932
4391,937,927
4392,938,931
4393,940,933
4394,943,934
4395,943,935
4396,944,933
4397,942,932
4398,939,931
4399,938,928
4400,937,927
4401,939,926
4402,940,926
4403,940,927
4404,941,928
4405,941,928
4406,943,929
4407,942,932
4408,944,930
4409,945,928
4410,945,928
4411,943,925
4412,944,923
4413,943,923
4414,945,923
4415,945,925
4416,948,923
4417,951,924
4418,953,926
4419,956,927
4420,957,925
4421,961,924
4422,962,922
4423,961,922
4424,960,920
4425,960,920
4426,959,922
4427,958,922
4428,963,924
4429,963,925
4430,963,925
4431,963,926
4432,961,925
4433,964,927
4434,957,927
4435,956,926
4436,953,926
4437,954,926
4438,953,929
4439,952,927
4440,952,930
4441,951,932
4442,953,936
4443,952,935
4444,951,936
4445,951,935
4446,947,936
4447,945,934
4448,945,933
4449,943,932
4450,942,934
4451,941,932
4452,941,936
4453,943,936
4454,943,939
4455,945,940
4456,945,939
4457,946,940
4458,945,941
4459,943,938
4460,942,936
4461,940,935
4462,941,936
4463,940,936
4464,939,939
4465,941,940
4466,941,941
4467,944,941
4468,943,942
4469,942,941
4470,941,940
4471,940,939
4472,938,938
4473,939,937
4474,937,935
4475,935,940
4476,937,941
4477,939,941
4478,940,943
4479,941,944
4480,941,942
4481,940,940
4482,940,940
4483,939,939
4484,937,939
4485,935,934
4486,935,937
4487,935,938
4488,935,940
4489,937,938
4490,937,942
4491,939,945
4492,939,943
4493,939,943
4494,939,942
4495,937,940
4496,937,939
4497,937,935
4498,940,937
4499,939,937
4500,943,942
4501,946,944
4502,950,945
4503,950,946
4504,951,945
4505,952,947
4506,950,946
4507,952,945
4508,951,941
4509,952,940
4510,954,940
4511,956,939
4512,958,937
4513,956,937
4514,956,936
4515,952,937
4516,952,936
4517,951,936
4518,949,935
4519,948,933
4520,946,934
4521,944,932
4522,943,932
4523,942,935
4524,942,936
4525,942,937
4526,942,940
4527,940,941
4528,938,940
4529,936,943
4530,932,941
4531,931,941
4532,931,940
4533,929,938
4534,930,939
4535,928,940
4536,931,941
4537,933,942
4538,934,944
4539,936,943
4540,938,942
4541,937,945
4542,935,942
4543,935,941
4544,934,939
4545,935,939
4546,932,938
4547,931,937
4548,931,940
4549,928,940
4550,924,943
4551,923,947
4552,923,944
4553,933,945
4554,950,940
4555,972,932
4556,1003,924
4557,1040,914
4558,1083,905
4559,1127,897
4560,1168,892
4561,1190,896
4562,1191,902
4563,1163,913
4564,1111,921
4565,1052,935
4566,995,944
4567,953,951
4568,932,957
4569,929,953
4570,936,947
4571,946,939
4572,954,934
4573,959,932
4574,960,932
4575,958,931
4576,955,934
4577,952,935
4578,947,937
4579,945,936
4580,941,935
4581,941,934
4582,938,935
4583,937,934
4584,939,935
4585,941,938
4586,941,939
4587,944,940
4588,941,940
4589,943,941
4590,942,939
4591,940,937
4592,939,935
4593,939,934
4594,939,936
4595,938,935
4596,939,937
4597,940,937
4598,940,939
4599,942,940
4600,942,940
4601,943,937
4602,943,938
4603,943,936
4604,941,932
4605,939,932
4606,940,932
4607,940,934
4608,944,935
4609,944,935
4610,947,938
4611,949,939
4612,949,937
4613,949,935
4614,949,935
4615,948,934
4616,948,932
4617,946,931
4618,944,933
4619,943,933
4620,946,933
4621,946,932
4622,947,936
4623,946,934
4624,947,933
4625,949,935
4626,948,934
4627,947,930
4628,945,929
4629,944,929
4630,943,928
4631,944,930
4632,945,929
4633,947,931
4634,948,932
4635,948,933
4636,949,931
4637,950,931
4638,947,931
4639,946,926
4640,947,925
4641,946,924
4642,945,927
4643,944,924
4644,946,926
4645,947,930
4646,948,927
4647,947,928
4648,948,929
4649,949,929
4650,947,927
4651,948,924
4652,947,922
4653,946,923
4654,946,920
4655,946,923
4656,949,925
4657,952,927
4658,953,927
4659,957,927
4660,959,925
4661,960,926
4662,961,924
4663,963,921
4664,962,921
4665,963,918
4666,963,920
4667,963,922
4668,966,920
4669,967,924
4670,964,923
4671,970,926
4672,969,924
4673,970,925
4674,967,924
4675,963,922
4676,962,923
4677,960,924
4678,959,923
4679,957,927
4680,957,927
4681,957,931
4682,958,931
4683,959,932
4684,956,932
4685,956,933
4686,957,932
4687,954,930
4688,953,929
4689,951,927
4690,951,931
4691,951,931
4692,951,932
4693,950,932
4694,952,935
4695,953,936
4696,953,935
4697,952,935
4698,951,935
4699,951,932
4700,949,931
4701,949,931
4702,947,932
4703,946,931
4704,947,934
4705,947,934
4706,949,934
4707,952,937
4708,950,936
4709,951,935
4710,949,935
4711,948,932
4712,947,931
4713,944,930
4714,945,931
4715,942,931
4716,943,934
4717,945,935
4718,944,937
4719,946,936
4720,946,937
4721,948,937
4722,946,935
4723,946,936
4724,945,934
4725,944,931
4726,944,931
4727,943,933
4728,941,935
4729,941,937
4730,943,938
4731,944,939
4732,945,939
4733,948,939
4734,947,939
4735,945,934
4736,943,935
4737,942,933
4738,942,934
4739,942,934
4740,945,936
4741,947,937
4742,950,939
4743,953,942
4744,956,941
4745,958,942
4746,957,939
4747,958,940
4748,956,938
4749,954,937
4750,956,938
4751,956,938
4752,959,938
4753,961,939
4754,965,940
4755,969,938
4756,967,935
4757,966,933
4758,960,931
4759,955,929
4760,953,926
4761,951,925
4762,951,926
4763,949,927
4764,951,931
4765,951,931
4766,951,930
4767,949,933
4768,949,933
4769,950,934
4770,949,932
4771,943,932
4772,942,933
4773,938,933
4774,934,935
4775,935,935
4776,935,938
4777,936,939
4778,937,940
4779,940,940
4780,940,939
4781,941,939
4782,941,939
4783,938,934
4784,937,935
4785,936,933
4786,934,935
4787,935,935
4788,935,935
4789,937,937
4790,937,939
4791,938,939
4792,937,940
4793,935,939
4794,933,939
4795,928,938
4796,925,938
4797,929,937
4798,939,937
4799,958,933
4800,982,925
4801,1013,920
4802,1050,910
4803,1091,902
4804,1131,893
4805,1165,889
4806,1188,886
4807,1184,890
4808,1159,895
4809,1112,906
4810,1056,918
4811,1002,932
4812,964,945
4813,943,951
4814,939,949
4815,948,945
4816,957,938
4817,968,931
4818,970,926
4819,967,924
4820,964,923
4821,958,925
4822,951,928
4823,946,930
4824,945,932
4825,945,932
4826,946,933
4827,947,938
4828,947,936
4829,948,936
4830,946,936
4831,945,933
4832,944,933
4833,940,932
4834,941,931
4835,942,933
4836,942,934
4837,944,936
4838,944,937
4839,947,938
4840,946,938
4841,946,938
4842,946,936
4843,945,935
4844,945,932
4845,945,930
4846,941,934
4847,943,933
4848,944,934
4849,945,935
4850,946,936
4851,947,938
4852,949,937
4853,949,937
4854,949,935
4855,948,934
4856,948,932
4857,946,930
4858,945,930
4859,946,932
4860,945,932
4861,946,930
4862,948,934
4863,949,935
4864,951,935
4865,950,933
4866,950,933
4867,950,934
4868,948,928
4869,947,931
4870,948,929
4871,946,930
4872,948,930
4873,949,933
4874,949,932
4875,952,935
4876,952,931
4877,952,933
4878,952,932
4879,952,928
4880,951,931
4881,950,926
4882,949,926
4883,947,927
4884,950,927
4885,952,929
4886,951,930
4887,954,931
4888,954,930
4889,954,930
4890,954,927
4891,952,927
4892,951,926
4893,947,923
4894,949,925
4895,948,925
4896,948,925
4897,949,926
4898,949,926
4899,951,929
4900,952,928
4901,955,928
4902,956,927
4903,952,924
4904,955,922
4905,955,922
4906,954,920
4907,954,922
4908,957,921
4909,959,921
4910,962,924
4911,965,925
4912,969,924
4913,969,922
4914,969,922
4915,968,918
4916,968,918
4917,967,916
4918,967,915
4919,967,917
4920,969,919
4921,971,921
4922,970,920
4923,970,923
4924,971,924
4925,970,922
4926,969,923
4927,967,922
4928,964,922
4929,961,921
4930,959,923
4931,957,923
4932,959,925
4933,957,927
4934,958,929
4935,959,931
4936,958,931
4937,957,930
4938,958,930
4939,955,928
4940,954,929
4941,952,928
4942,950,928
4943,952,929
4944,951,930
4945,950,932
4946,953,933
4947,954,937
4948,955,936
4949,954,932
4950,954,932
4951,951,931
4952,948,930
4953,947,928
4954,947,930
4955,947,931
4956,947,933
4957,947,935
4958,946,937
4959,947,936
4960,948,935
4961,949,934
4962,950,934
4963,947,932
4964,947,931
4965,946,931
4966,946,931
4967,946,933
4968,946,934
4969,948,934
4970,947,935
4971,948,937
4972,951,936
4973,951,934
4974,949,934
4975,949,933
4976,946,933
4977,946,930
4978,945,930
4979,944,932
4980,943,934
4981,946,935
4982,946,937
4983,948,937
4984,948,938
4985,948,937
4986,947,936
4987,947,935
4988,946,935
4989,944,934
4990,945,933
4991,943,937
4992,945,935
4993,947,937
4994,950,937
4995,952,938
4996,955,938
4997,955,938
